ŪŗÁ‚ŗŪŤŚ; max C; T(maxC); max Xi; T(maxXi); G; f
term_gem_glass64_J-112_0_H0.0.dat;0.871733224;1.935542859;0.045986562;3.05904585;2;0
term_gem_glass64_J112_9_H0.0.dat;0.871733224;1.935542859;2.115754291;2.034274997;2;0
term_gem_glass64_J-110_0_H0.0.dat;0.834287857;1.860018643;0.046820656;2.969079764;2;1
term_gem_glass64_J-110_1_H0.0.dat;0.81919567;1.87861883;0.046773884;2.998770562;2;1
term_gem_glass64_J-110_2_H0.0.dat;0.827683263;1.87861883;0.046812521;2.969079764;2;1
term_gem_glass64_J-110_3_H0.0.dat;0.860142045;1.841602617;0.046855571;2.969079764;2;1
term_gem_glass64_J-110_4_H0.0.dat;0.814397331;1.916379068;0.04709012;2.969079764;2;1
term_gem_glass64_J-110_5_H0.0.dat;0.812385966;1.916379068;0.047048711;2.969079764;2;1
term_gem_glass64_J-110_6_H0.0.dat;0.814397331;1.916379068;0.04709012;2.969079764;2;1
term_gem_glass64_J-110_7_H0.0.dat;0.822305878;1.916379068;0.046984573;2.969079764;2;1
term_gem_glass64_J-110_8_H0.0.dat;0.853128229;1.841602617;0.046855007;2.969079764;2;1
term_gem_glass64_J-110_9_H0.0.dat;0.812385966;1.916379068;0.047048711;2.969079764;2;1
term_gem_glass64_J110_0_H0.0.dat;0.840050368;1.860018643;2.318986164;1.916379068;2;1
term_gem_glass64_J110_1_H0.0.dat;0.819077796;1.897405018;2.05850738;1.97444727;2;1
term_gem_glass64_J110_2_H0.0.dat;0.829805158;1.916379068;2.02896119;2.01413366;2;1
term_gem_glass64_J110_3_H0.0.dat;0.827683263;1.87861883;2.146519331;1.954898287;2;1
term_gem_glass64_J110_5_H0.0.dat;0.822305878;1.916379068;2.037857101;2.01413366;2;1
term_gem_glass64_J110_6_H0.0.dat;0.825895093;1.916379068;2.051519169;1.994191743;2;1
term_gem_glass64_J110_8_H0.0.dat;0.845522491;1.841602617;2.409543593;1.897405018;2;1
term_gem_glass64_J110_9_H0.0.dat;0.829805158;1.916379068;2.02896119;2.01413366;2;1
term_gem_glass64_J110_4_H0.0.dat;0.841526279;1.935542859;156.25;0.0001;4;1
term_gem_glass64_J110_7_H0.0.dat;0.841526279;1.935542859;156.25;0.0001;4;1
term_gem_glass64_J-106_5_H0.0.dat;0.812562199;1.80531577;0.049706037;2.769314302;2;2
term_gem_glass64_J-108_0_H0.0.dat;0.76941952;1.823368928;0.04768629;2.910577163;2;2
term_gem_glass64_J-108_1_H0.0.dat;0.781324007;1.860018643;0.047844419;2.910577163;2;2
term_gem_glass64_J-108_2_H0.0.dat;0.776760268;1.897405018;0.048019221;2.910577163;2;2
term_gem_glass64_J-108_4_H0.0.dat;0.781277904;1.87861883;0.048029779;2.881759567;2;2
term_gem_glass64_J-108_5_H0.0.dat;0.768065405;1.897405018;0.047839702;2.910577163;2;2
term_gem_glass64_J-108_6_H0.0.dat;0.766916704;1.841602617;0.047500702;2.939682935;2;2
term_gem_glass64_J-108_8_H0.0.dat;0.785032155;1.897405018;0.047928499;2.910577163;2;2
term_gem_glass64_J-108_9_H0.0.dat;0.794329003;1.823368928;0.047854616;2.881759567;2;2
term_gem_glass64_J106_2_H0.0.dat;0.777280926;1.897405018;1.92904801;1.97444727;2;2
term_gem_glass64_J108_2_H0.0.dat;0.780836404;1.916379068;1.962651197;1.994191743;2;2
term_gem_glass64_J108_3_H0.0.dat;0.777360482;1.860018643;2.072283089;1.935542859;2;2
term_gem_glass64_J108_4_H0.0.dat;0.795517347;1.841602617;2.168832209;1.916379068;2;2
term_gem_glass64_J108_5_H0.0.dat;0.825276284;1.769743917;2.705030213;1.80531577;2;2
term_gem_glass64_J108_6_H0.0.dat;0.786387692;1.916379068;1.948777163;1.994191743;2;2
term_gem_glass64_J108_7_H0.0.dat;0.801533094;1.787441357;2.522420308;1.823368928;2;2
term_gem_glass64_J108_8_H0.0.dat;0.813538314;1.80531577;2.451295014;1.860018643;2;2
term_gem_glass64_J108_9_H0.0.dat;0.806895009;1.7522217;2.868085402;1.769743917;2;2
term_gem_glass64_J-108_3_H0.0.dat;0.789274434;1.87861883;156.25;0.0001;4;2
term_gem_glass64_J-108_7_H0.0.dat;0.769942901;1.87861883;156.25;0.0001;4;2
term_gem_glass64_J108_0_H0.0.dat;0.795969543;1.916379068;156.25;0.0001;4;2
term_gem_glass64_J108_1_H0.0.dat;0.798016973;1.916379068;156.25;0.0001;4;2
term_gem_glass64_J-106_0_H0.0.dat;0.750583707;1.734872971;0.048554523;2.824977519;2;3
term_gem_glass64_J-106_1_H0.0.dat;0.736584074;1.87861883;0.049010887;2.824977519;2;3
term_gem_glass64_J-106_3_H0.0.dat;0.723997805;1.823368928;0.048659034;2.853227294;2;3
term_gem_glass64_J-106_4_H0.0.dat;0.760172141;1.769743917;0.049055448;2.797007445;2;3
term_gem_glass64_J-106_6_H0.0.dat;0.730467542;1.841602617;0.049006442;2.824977519;2;3
term_gem_glass64_J-106_7_H0.0.dat;0.778356736;1.787441357;0.048929687;2.797007445;2;3
term_gem_glass64_J-106_9_H0.0.dat;0.723871961;1.87861883;0.049055694;2.824977519;2;3
term_gem_glass64_J104_5_H0.0.dat;0.730890302;1.80531577;1.996122864;1.860018643;2;3
term_gem_glass64_J106_0_H0.0.dat;0.740437131;1.823368928;2.023215873;1.87861883;2;3
term_gem_glass64_J106_1_H0.0.dat;0.781507358;1.734872971;2.848254192;1.7522217;2;3
term_gem_glass64_J106_3_H0.0.dat;0.757792998;1.7522217;2.446504185;1.769743917;2;3
term_gem_glass64_J106_4_H0.0.dat;0.751740284;1.769743917;2.261335709;1.823368928;2;3
gem_glass64_J106_6_H0.0.dat;0.700778382;1.87861883;2.049675075;1.841602617;2;3
term_gem_glass64_J106_9_H0.0.dat;0.762077567;1.80531577;2.23996214;1.841602617;2;3
term_gem_glass64_J-104_7_H0.0.dat;0.7200787;1.841602617;156.25;0.0001;4;3
term_gem_glass64_J-106_2_H0.0.dat;0.754113654;1.787441357;156.25;0.0001;4;3
term_gem_glass64_J104_7_H0.0.dat;0.750267405;1.87861883;156.25;0.0001;4;3
term_gem_glass64_J106_5_H0.0.dat;0.74821032;1.787441357;156.25;0.0001;4;3
term_gem_glass64_J106_7_H0.0.dat;0.754327626;1.87861883;156.25;0.0001;4;3
term_gem_glass64_J106_8_H0.0.dat;0.755561042;1.80531577;156.25;0.0001;4;3
term_gem_glass64_J-106_8_H0.0.dat;0.742203734;1.87861883;312.5;0.0001;8;3
term_gem_glass64_J-102_0_H0.0.dat;0.677061926;1.787441357;0.05187789;2.608819343;2;4
term_gem_glass64_J-102_2_H0.0.dat;0.718739778;1.769743917;0.051151843;2.687869178;2;4
term_gem_glass64_J-104_3_H0.0.dat;0.68674571;1.823368928;0.04975368;2.769314302;2;4
term_gem_glass64_J-104_5_H0.0.dat;0.712331091;1.667178825;0.049801431;2.741895348;2;4
term_gem_glass64_J-104_8_H0.0.dat;0.703561251;1.7522217;0.049883451;2.741895348;2;4
term_gem_glass64_J-104_9_H0.0.dat;0.741537075;1.634328816;0.049785161;2.71474787;2;4
term_gem_glass64_J102_4_H0.0.dat;0.706475938;1.7522217;2.111831471;1.787441357;2;4
term_gem_glass64_J102_6_H0.0.dat;0.694280377;1.787441357;2.096773809;1.80531577;2;4
term_gem_glass64_J104_1_H0.0.dat;0.747679939;1.667178825;3.016408672;1.650672104;2;4
term_gem_glass64_J104_3_H0.0.dat;0.689689008;1.683850613;2.810988142;1.555007791;2;4
term_gem_glass64_J104_8_H0.0.dat;0.693776617;1.860018643;1.87768087;1.897405018;2;4
term_gem_glass64_J-104_0_H0.0.dat;0.71256154;1.734872971;156.25;0.0001;4;4
term_gem_glass64_J-104_2_H0.0.dat;0.69941789;1.841602617;0.049838716;2.769314302;4;4
term_gem_glass64_J-104_6_H0.0.dat;0.70963631;1.769743917;156.25;0.0001;4;4
term_gem_glass64_J104_2_H0.0.dat;0.706095303;1.823368928;156.25;0.0001;4;4
term_gem_glass64_J104_9_H0.0.dat;0.717406824;1.897405018;156.25;0.0001;4;4
term_gem_glass64_J-104_1_H0.0.dat;0.700694439;1.841602617;138.8888889;0.0001;6;4
term_gem_glass64_J-104_4_H0.0.dat;0.727559495;1.80531577;138.8888889;0.0001;6;4
term_gem_glass64_J104_0_H0.0.dat;0.662146253;1.769743917;416.6666667;0.0001;6;4
term_gem_glass64_J104_6_H0.0.dat;0.736051409;1.734872971;416.6666667;0.0001;6;4
term_gem_glass64_J104_4_H0.0.dat;0.697232152;1.897405018;10156.25;0.0001;8;4
term_gem_glass64_J-100_9_H0.0.dat;0.660176298;1.841602617;0.051898043;2.661256612;2;5
term_gem_glass64_J-102_3_H0.0.dat;0.691411236;1.634328816;0.050753311;2.661256612;2;5
term_gem_glass64_J-102_4_H0.0.dat;0.638534388;1.823368928;0.050906613;2.71474787;2;5
term_gem_glass64_J-102_7_H0.0.dat;0.667567436;1.683850613;0.051008567;2.661256612;2;5
term_gem_glass64_J-98_9_H0.0.dat;0.653260403;1.700689119;0.054428046;2.507024111;2;5
term_gem_glass64_J100_0_H0.0.dat;0.639368745;1.717696011;2.364647475;1.618147342;2;5
term_gem_glass64_J100_4_H0.0.dat;0.664684325;1.717696011;2.322474037;1.667178825;2;5
term_gem_glass64_J102_5_H0.0.dat;0.67009504;1.667178825;2.355692831;1.650672104;2;5
term_gem_glass64_J102_7_H0.0.dat;0.629890279;1.700689119;4.764176984;1.287142016;2;5
term_gem_glass64_J102_8_H0.0.dat;0.677617678;1.700689119;2.436853614;1.683850613;2;5
term_gem_glass64_J102_9_H0.0.dat;0.68479567;1.683850613;2.262571727;1.717696011;2;5
term_gem_glass64_J-102_1_H0.0.dat;0.676953652;1.734872971;156.25;0.0001;4;5
term_gem_glass64_J-102_6_H0.0.dat;0.663002077;1.80531577;156.25;0.0001;4;5
term_gem_glass64_J-102_8_H0.0.dat;0.654711426;1.734872971;0.04992265;2.769314302;4;5
term_gem_glass64_J-102_9_H0.0.dat;0.679728099;1.734872971;0.051199858;2.661256612;4;5
term_gem_glass64_J102_0_H0.0.dat;0.655168511;1.769743917;156.25;0.0001;4;5
term_gem_glass64_J102_2_H0.0.dat;0.634596881;1.769743917;156.25;0.0001;4;5
term_gem_glass64_J98_8_H0.0.dat;0.692943471;1.734872971;156.25;0.0001;4;5
term_gem_glass64_J98_9_H0.0.dat;0.677552128;1.683850613;156.25;0.0001;4;5
term_gem_glass64_J-102_5_H0.0.dat;0.651492077;1.717696011;138.8888889;0.0001;6;5
term_gem_glass64_J102_1_H0.0.dat;0.705769968;1.700689119;416.6666667;0.0001;6;5
term_gem_glass64_J98_0_H0.0.dat;0.658593506;1.841602617;972.2222222;0.0001;6;5
term_gem_glass64_J102_3_H0.0.dat;0.665519451;1.769743917;781.25;0.0001;8;5
term_gem_glass64_J-100_0_H0.0.dat;0.651003699;1.634328816;0.052094201;2.582989448;2;6
term_gem_glass64_J-100_1_H0.0.dat;0.631730468;1.683850613;0.052267609;2.557415295;2;6
term_gem_glass64_J-100_8_H0.0.dat;0.615952043;1.618147342;0.051545826;2.608819343;2;6
term_gem_glass64_J-96_8_H0.0.dat;0.611265293;1.683850613;0.056320248;2.361730118;2;6
term_gem_glass64_J-98_1_H0.0.dat;0.661971489;1.570557868;0.053606828;2.507024111;2;6
term_gem_glass64_J-98_3_H0.0.dat;0.634430107;1.667178825;0.054026394;2.457625832;2;6
term_gem_glass64_J-98_8_H0.0.dat;0.562946216;1.80531577;0.052275158;2.661256612;2;6
term_gem_glass64_J100_1_H0.0.dat;0.655144659;1.667178825;2.386814906;1.683850613;2;6
term_gem_glass64_J100_8_H0.0.dat;0.576745452;1.618147342;4.681398422;1.274398036;2;6
term_gem_glass64_J98_5_H0.0.dat;0.621512202;1.700689119;2.616765336;1.524367994;2;6
term_gem_glass64_J-100_2_H0.0.dat;0.636051522;1.700689119;156.25;0.0001;4;6
term_gem_glass64_J-100_3_H0.0.dat;0.661801209;1.555007791;156.25;0.0001;4;6
term_gem_glass64_J-100_5_H0.0.dat;0.644245425;1.650672104;156.25;0.0001;4;6
term_gem_glass64_J100_2_H0.0.dat;0.685175745;1.570557868;156.25;0.0001;4;6
term_gem_glass64_J100_5_H0.0.dat;0.622748606;1.787441357;156.25;0.0001;4;6
term_gem_glass64_J100_6_H0.0.dat;0.649629477;1.650672104;156.25;0.0001;4;6
term_gem_glass64_J100_9_H0.0.dat;0.622529876;1.717696011;156.25;0.0001;4;6
term_gem_glass64_J96_1_H0.0.dat;0.646328611;1.602126082;156.25;0.0001;4;6
term_gem_glass64_J96_3_H0.0.dat;0.62937509;1.667178825;156.25;0.0001;4;6
term_gem_glass64_J96_6_H0.0.dat;0.63314686;1.717696011;972.2222222;0.0001;6;6
term_gem_glass64_J96_7_H0.0.dat;0.594288424;1.717696011;416.6666667;0.0001;6;6
term_gem_glass64_J-100_7_H0.0.dat;0.641739878;1.717696011;156.25;0.0001;8;6
term_gem_glass64_J-98_5_H0.0.dat;0.640101687;1.717696011;312.5;0.0001;8;6
term_gem_glass64_J100_7_H0.0.dat;0.629303849;1.717696011;10156.25;0.0001;8;6
term_gem_glass64_J-100_6_H0.0.dat;0.635642509;1.717696011;150;0.0001;10;6
term_gem_glass64_J-100_4_H0.0.dat;0.659181764;1.769743917;153.0612245;0.0001;14;6
term_gem_glass64_J100_3_H0.0.dat;0.67993137;1.769743917;3122.222222;0.0001;30;6
term_gem_glass64_J98_2_H0.0.dat;0.574952256;1.650672104;2.389862524;1.524367994;2;7
term_gem_glass64_J98_4_H0.0.dat;0.605479223;1.570557868;2.680990332;1.42180555;2;7
term_gem_glass64_J-94_2_H0.0.dat;0.603345798;1.570557868;156.25;0.0001;4;7
term_gem_glass64_J-98_6_H0.0.dat;0.596891691;1.667178825;156.25;0.0001;4;7
term_gem_glass64_J96_4_H0.0.dat;0.560797683;1.700689119;156.25;0.0001;4;7
term_gem_glass64_J-94_8_H0.0.dat;0.59140337;1.717696011;138.8888889;0.0001;6;7
term_gem_glass64_J-98_4_H0.0.dat;0.582726969;1.634328816;138.8888889;0.0001;6;7
term_gem_glass64_J-94_7_H0.0.dat;0.596485173;1.683850613;156.25;0.0001;8;7
term_gem_glass64_J-96_1_H0.0.dat;0.586297149;1.602126082;312.5;0.0001;8;7
term_gem_glass64_J-96_7_H0.0.dat;0.594855304;1.570557868;312.5;0.0001;8;7
term_gem_glass64_J-98_0_H0.0.dat;0.601492925;1.634328816;156.25;0.0001;8;7
term_gem_glass64_J92_3_H0.0.dat;0.613656127;1.618147342;1562.5;0.0001;8;7
term_gem_glass64_J96_5_H0.0.dat;0.620334929;1.700689119;781.25;0.0001;8;7
term_gem_glass64_J98_1_H0.0.dat;0.655888836;1.667178825;312.5;0.0001;8;7
term_gem_glass64_J98_6_H0.0.dat;0.583599609;1.717696011;312.5;0.0001;8;7
term_gem_glass64_J84_3_H0.0.dat;0.617946821;1.734872971;295.1388889;0.0001;12;7
term_gem_glass64_J92_0_H0.0.dat;0.634943421;1.667178825;1961.805556;0.0001;12;7
term_gem_glass64_J98_3_H0.0.dat;0.642349087;1.683850613;1128.472222;0.0001;12;7
term_gem_glass64_J98_7_H0.0.dat;0.597158627;1.734872971;5156.25;0.0001;16;7
term_gem_glass64_J-98_2_H0.0.dat;0.623777142;1.717696011;154.9586777;0.0001;22;7
term_gem_glass64_J96_0_H0.0.dat;0.594980446;1.80531577;14045.13889;0.0001;24;7
term_gem_glass64_J96_9_H0.0.dat;0.592076648;1.841602617;1128.472222;0.0001;24;7
term_gem_glass64_J-98_7_H0.0.dat;0.605803409;1.841602617;156.25;0.0001;36;7
term_gem_glass64_J-92_5_H0.0.dat;0.517303084;1.717696011;0.057044238;2.361730118;2;8
term_gem_glass64_J-96_4_H0.0.dat;0.54577778;1.539611674;0.053598362;2.433292903;2;8
term_gem_glass64_J78_6_H0.0.dat;0.552826838;1.570557868;1.236857137;1.586263447;2;8
term_gem_glass64_J86_9_H0.0.dat;0.545522659;1.586263447;2.886132003;1.097702079;2;8
term_gem_glass64_J-90_2_H0.0.dat;0.538158972;1.650672104;156.25;0.0001;4;8
term_gem_glass64_J-90_7_H0.0.dat;0.538585091;1.7522217;156.25;0.0001;4;8
term_gem_glass64_J-92_4_H0.0.dat;0.528275661;1.586263447;156.25;0.0001;4;8
term_gem_glass64_J-96_2_H0.0.dat;0.542527867;1.667178825;156.25;0.0001;4;8
term_gem_glass64_J-96_6_H0.0.dat;0.524000435;1.717696011;156.25;0.0001;4;8
term_gem_glass64_J90_6_H0.0.dat;0.532710639;1.700689119;156.25;0.0001;4;8
term_gem_glass64_J92_1_H0.0.dat;0.613929309;1.494331922;1406.25;0.0001;4;8
term_gem_glass64_J94_2_H0.0.dat;0.570423809;1.539611674;156.25;0.0001;4;8
term_gem_glass64_J94_5_H0.0.dat;0.543414437;1.667178825;156.25;0.0001;4;8
term_gem_glass64_J94_9_H0.0.dat;0.59305407;1.555007791;156.25;0.0001;4;8
term_gem_glass64_J94_1_H0.0.dat;0.558445474;1.618147342;10138.88889;0.0001;6;8
term_gem_glass64_J-86_0_H0.0.dat;0.573763694;1.555007791;781.25;0.0001;8;8
term_gem_glass64_J-92_0_H0.0.dat;0.576227004;1.494331922;312.5;0.0001;8;8
term_gem_glass64_J-94_5_H0.0.dat;0.563801795;1.650672104;312.5;0.0001;8;8
term_gem_glass64_J-96_0_H0.0.dat;0.549511264;1.667178825;156.25;0.0001;8;8
term_gem_glass64_J-76_7_H0.0.dat;0.528986949;1.683850613;295.1388889;0.0001;12;8
term_gem_glass64_J-90_8_H0.0.dat;0.555721182;1.634328816;138.8888889;0.0001;12;8
term_gem_glass64_J-92_3_H0.0.dat;0.590183779;1.586263447;295.1388889;0.0001;12;8
term_gem_glass64_J-96_5_H0.0.dat;0.561298634;1.650672104;138.8888889;0.0001;12;8
term_gem_glass64_J-96_9_H0.0.dat;0.557313695;1.734872971;295.1388889;0.0001;12;8
term_gem_glass64_J96_8_H0.0.dat;0.538256398;1.769743917;572.9166667;0.0001;12;8
term_gem_glass64_J90_3_H0.0.dat;0.563068837;1.7522217;2653.061224;0.0001;14;8
term_gem_glass64_J-94_9_H0.0.dat;0.593214142;1.650672104;156.25;0.0001;16;8
term_gem_glass64_J-96_3_H0.0.dat;0.573051205;1.650672104;273.4375;0.0001;16;8
term_gem_glass64_J96_2_H0.0.dat;0.571192249;1.769743917;1718.75;0.0001;16;8
term_gem_glass64_J94_7_H0.0.dat;0.578032876;1.700689119;1066.666667;0.0001;30;8
term_gem_glass64_J86_6_H0.0.dat;0.570163882;1.700689119;898.4375;0.0001;32;8
term_gem_glass64_J88_0_H0.0.dat;0.577261683;1.769743917;1319.252078;0.0001;38;8
term_gem_glass64_J-94_4_H0.0.dat;0.56427121;1.769743917;273.4375;0.0001;48;8
term_gem_glass64_J-86_4_H0.0.dat;0.530040732;1.586263447;0.064378509;1.935542859;2;9
term_gem_glass64_J-94_0_H0.0.dat;0.515792262;1.509275241;0.055838656;2.338346652;2;9
term_gem_glass64_J-92_2_H0.0.dat;0.521940707;1.634328816;156.25;0.0001;4;9
term_gem_glass64_J-94_6_H0.0.dat;0.544898096;1.42180555;156.25;0.0001;4;9
term_gem_glass64_J88_9_H0.0.dat;0.57473573;1.42180555;156.25;0.0001;4;9
term_gem_glass64_J90_7_H0.0.dat;0.52864471;1.618147342;156.25;0.0001;4;9
term_gem_glass64_J92_2_H0.0.dat;0.52698736;1.586263447;2500;0.0001;4;9
term_gem_glass64_J92_9_H0.0.dat;0.551108943;1.494331922;625;0.0001;4;9
term_gem_glass64_J94_8_H0.0.dat;0.530275274;1.524367994;625;0.0001;4;9
term_gem_glass64_J-88_1_H0.0.dat;0.526969971;1.586263447;138.8888889;0.0001;6;9
term_gem_glass64_J-90_5_H0.0.dat;0.500968554;1.700689119;156.25;0.0001;8;9
term_gem_glass64_J-92_9_H0.0.dat;0.545398547;1.602126082;312.5;0.0001;8;9
term_gem_glass64_J92_5_H0.0.dat;0.53156217;1.634328816;312.5;0.0001;8;9
term_gem_glass64_J92_6_H0.0.dat;0.54050198;1.602126082;781.25;0.0001;8;9
term_gem_glass64_J92_8_H0.0.dat;0.5339417;1.586263447;312.5;0.0001;8;9
term_gem_glass64_J94_0_H0.0.dat;0.517922979;1.524367994;781.25;0.0001;8;9
term_gem_glass64_J-92_1_H0.0.dat;0.559245936;1.602126082;138.8888889;0.0001;12;9
term_gem_glass64_J82_6_H0.0.dat;0.5364302;1.555007791;572.9166667;0.0001;12;9
term_gem_glass64_J84_9_H0.0.dat;0.51067907;1.700689119;14974.4898;0.0001;14;9
term_gem_glass64_J-90_9_H0.0.dat;0.526714763;1.683850613;273.4375;0.0001;16;9
term_gem_glass64_J74_6_H0.0.dat;0.520038668;1.618147342;937.5;0.0001;16;9
term_gem_glass64_J90_0_H0.0.dat;0.539255529;1.586263447;468.75;0.0001;16;9
term_gem_glass64_J90_8_H0.0.dat;0.52312132;1.509275241;468.75;0.0001;16;9
term_gem_glass64_J94_6_H0.0.dat;0.574001369;1.570557868;1718.75;0.0001;16;9
term_gem_glass64_J88_4_H0.0.dat;0.513372872;1.634328816;10433.8843;0.0001;22;9
term_gem_glass64_J-94_3_H0.0.dat;0.538954225;1.570557868;243.0555556;0.0001;24;9
term_gem_glass64_J92_7_H0.0.dat;0.528259295;1.717696011;1909.722222;0.0001;24;9
term_gem_glass64_J94_4_H0.0.dat;0.556453807;1.570557868;920.1388889;0.0001;24;9
term_gem_glass64_J94_3_H0.0.dat;0.5522025;1.618147342;69534.02367;0.0001;26;9
term_gem_glass64_J-92_8_H0.0.dat;0.525272402;1.80531577;156.25;0.0001;60;9
term_gem_glass64_J-94_1_H0.0.dat;0.536153059;1.734872971;431.25;0.0001;80;9
term_gem_glass64_J-82_2_H0.0.dat;0.464342283;1.524367994;0.070436597;0.983896408;2;10
term_gem_glass64_J68_5_H0.0.dat;0.493665462;1.509275241;3.057561328;0.752094275;2;10
term_gem_glass64_J-54_5_H0.0.dat;0.511091354;1.539611674;156.25;0.0001;4;10
term_gem_glass64_J-74_5_H0.0.dat;0.495969959;1.479536557;156.25;0.0001;4;10
term_gem_glass64_J-78_2_H0.0.dat;0.491826438;1.618147342;0.107934136;0.830779977;4;10
term_gem_glass64_J-90_1_H0.0.dat;0.481334085;1.555007791;156.25;0.0001;4;10
term_gem_glass64_J60_0_H0.0.dat;0.474397218;1.586263447;156.25;0.0001;4;10
term_gem_glass64_J80_3_H0.0.dat;0.493358379;1.602126082;156.25;0.0001;4;10
term_gem_glass64_J86_7_H0.0.dat;0.479876106;1.618147342;156.25;0.0001;4;10
term_gem_glass64_J80_8_H0.0.dat;0.47290628;1.602126082;416.6666667;0.0001;6;10
term_gem_glass64_J88_8_H0.0.dat;0.481925147;1.667178825;138.8888889;0.0001;6;10
term_gem_glass64_J-78_9_H0.0.dat;0.530178974;1.570557868;156.25;0.0001;8;10
term_gem_glass64_J-82_3_H0.0.dat;0.493202054;1.586263447;312.5;0.0001;8;10
term_gem_glass64_J-82_5_H0.0.dat;0.467543111;1.586263447;781.25;0.0001;8;10
term_gem_glass64_J84_0_H0.0.dat;0.512542649;1.539611674;781.25;0.0001;8;10
term_gem_glass64_J-70_6_H0.0.dat;0.49297471;1.650672104;250;0.0001;10;10
term_gem_glass64_J-58_4_H0.0.dat;0.51414873;1.555007791;295.1388889;0.0001;12;10
term_gem_glass64_J-86_1_H0.0.dat;0.479332089;1.683850613;156.25;0.0001;12;10
term_gem_glass64_J76_4_H0.0.dat;0.517859568;1.509275241;1128.472222;0.0001;12;10
term_gem_glass64_J82_7_H0.0.dat;0.48084305;1.555007791;295.1388889;0.0001;12;10
term_gem_glass64_J90_5_H0.0.dat;0.484007344;1.602126082;572.9166667;0.0001;12;10
term_gem_glass64_J-78_1_H0.0.dat;0.491577604;1.667178825;468.75;0.0001;16;10
term_gem_glass64_J-80_7_H0.0.dat;0.542877068;1.479536557;312.5;0.0001;16;10
term_gem_glass64_J88_6_H0.0.dat;0.496398939;1.618147342;468.75;0.0001;16;10
term_gem_glass64_J-90_3_H0.0.dat;0.497931762;1.602126082;277.7777778;0.0001;18;10
term_gem_glass64_J-90_4_H0.0.dat;0.501055912;1.618147342;277.7777778;0.0001;18;10
term_gem_glass64_J-50_7_H0.0.dat;0.482737836;1.734872971;847.107438;0.0001;22;10
term_gem_glass64_J84_2_H0.0.dat;0.509493741;1.618147342;6197.916667;0.0001;24;10
term_gem_glass64_J84_6_H0.0.dat;0.499667765;1.539611674;25555.55556;0.0001;24;10
term_gem_glass64_J-84_3_H0.0.dat;0.512441554;1.509275241;250;0.0001;30;10
term_gem_glass64_J92_4_H0.0.dat;0.549753349;1.479536557;625;0.0001;32;10
term_gem_glass64_J84_7_H0.0.dat;0.510649514;1.618147342;3418.209877;0.0001;36;10
term_gem_glass64_J86_5_H0.0.dat;0.521262643;1.586263447;989.5833333;0.0001;36;10
term_gem_glass64_J56_1_H0.0.dat;0.509353511;1.618147342;1164.965986;0.0001;42;10
term_gem_glass64_J-92_6_H0.0.dat;0.498084162;1.700689119;249.2252066;0.0001;44;10
term_gem_glass64_J88_7_H0.0.dat;0.506654835;1.602126082;63159.72222;0.0001;48;10
term_gem_glass64_J-90_6_H0.0.dat;0.501268873;1.634328816;267.1967456;0.0001;52;10
term_gem_glass64_J80_5_H0.0.dat;0.50481177;1.618147342;25592.64053;0.0001;52;10
term_gem_glass64_J-92_7_H0.0.dat;0.506231076;1.602126082;216.8367347;0.0001;56;10
term_gem_glass64_J90_2_H0.0.dat;0.523598044;1.667178825;1114.969136;0.0001;72;10
term_gem_glass64_J90_9_H0.0.dat;0.510815907;1.683850613;36377.69743;0.0001;264;10
term_gem_glass64_J-68_8_H0.0.dat;0.475021948;1.407728267;0.088905513;0.647816009;2;11
term_gem_glass64_J-86_8_H0.0.dat;0.514219804;1.407728267;156.25;0.0001;4;11
term_gem_glass64_J50_6_H0.0.dat;0.494507359;1.352799195;156.25;0.0001;4;11
term_gem_glass64_J54_8_H0.0.dat;0.458454807;1.339405144;156.25;0.0001;4;11
term_gem_glass64_J74_9_H0.0.dat;0.468608305;1.700689119;156.25;0.0001;4;11
term_gem_glass64_J80_6_H0.0.dat;0.432745454;1.570557868;625;0.0001;4;11
term_gem_glass64_J70_1_H0.0.dat;0.459151095;1.524367994;416.6666667;0.0001;6;11
term_gem_glass64_J-60_3_H0.0.dat;0.453941221;1.539611674;312.5;0.0001;8;11
term_gem_glass64_J-8_1_H0.0.dat;0.484380934;1.42180555;156.25;0.0001;8;11
term_gem_glass64_J10_4_H0.0.dat;0.494584167;1.407728267;312.5;0.0001;8;11
term_gem_glass64_J42_2_H0.0.dat;0.485073166;1.46488768;156.25;0.0001;8;11
term_gem_glass64_J80_9_H0.0.dat;0.478291335;1.509275241;156.25;0.0001;8;11
term_gem_glass64_J-82_7_H0.0.dat;0.490667137;1.524367994;295.1388889;0.0001;12;11
term_gem_glass64_J-86_2_H0.0.dat;0.466965471;1.634328816;156.25;0.0001;12;11
term_gem_glass64_J72_4_H0.0.dat;0.515785524;1.366327187;763.8888889;0.0001;12;11
term_gem_glass64_J90_1_H0.0.dat;0.49726652;1.46488768;572.9166667;0.0001;12;11
term_gem_glass64_J62_0_H0.0.dat;0.461634978;1.524367994;1718.75;0.0001;16;11
term_gem_glass64_J76_2_H0.0.dat;0.469369484;1.539611674;1820.987654;0.0001;18;11
term_gem_glass64_J-86_3_H0.0.dat;0.467774512;1.539611674;306.25;0.0001;20;11
term_gem_glass64_J-90_0_H0.0.dat;0.476390738;1.602126082;506.25;0.0001;20;11
term_gem_glass64_J62_2_H0.0.dat;0.486260057;1.570557868;5131.25;0.0001;20;11
term_gem_glass64_J-80_2_H0.0.dat;0.460170537;1.509275241;451.3888889;0.0001;24;11
term_gem_glass64_J-84_4_H0.0.dat;0.480637834;1.479536557;243.0555556;0.0001;24;11
term_gem_glass64_J-88_2_H0.0.dat;0.477519397;1.570557868;243.0555556;0.0001;24;11
term_gem_glass64_J88_5_H0.0.dat;0.506046502;1.555007791;451.3888889;0.0001;24;11
term_gem_glass64_J14_9_H0.0.dat;0.495186355;1.436023605;1393.494898;0.0001;28;11
term_gem_glass64_J-72_8_H0.0.dat;0.449152936;1.618147342;488.8888889;0.0001;30;11
term_gem_glass64_J84_5_H0.0.dat;0.487452127;1.479536557;2500;0.0001;32;11
term_gem_glass64_J90_4_H0.0.dat;0.477442632;1.539611674;625;0.0001;32;11
term_gem_glass64_J-88_5_H0.0.dat;0.460100351;1.683850613;224.9134948;0.0001;34;11
term_gem_glass64_J-78_6_H0.0.dat;0.464796426;1.555007791;217.9783951;0.0001;36;11
term_gem_glass64_J-22_8_H0.0.dat;0.475622195;1.555007791;1319.252078;0.0001;38;11
term_gem_glass64_J86_2_H0.0.dat;0.488217912;1.539611674;1402.354571;0.0001;38;11
term_gem_glass64_J52_0_H0.0.dat;0.470066758;1.650672104;5870.181406;0.0001;42;11
term_gem_glass64_J-80_0_H0.0.dat;0.481203861;1.555007791;295.1388889;0.0001;48;11
term_gem_glass64_J-88_6_H0.0.dat;0.460905385;1.650672104;468.75;0.0001;48;11
term_gem_glass64_J68_0_H0.0.dat;0.454649281;1.586263447;1558.159722;0.0001;48;11
term_gem_glass64_J88_1_H0.0.dat;0.477073883;1.555007791;23033.85417;0.0001;48;11
term_gem_glass64_J84_4_H0.0.dat;0.467452862;1.667178825;28854.4324;0.0001;56;11
term_gem_glass64_J-84_5_H0.0.dat;0.49301222;1.539611674;759.6253902;0.0001;62;11
term_gem_glass64_J-54_2_H0.0.dat;0.482782587;1.494331922;625;0.0001;64;11
term_gem_glass64_J86_0_H0.0.dat;0.483809589;1.734872971;10000;0.0001;64;11
term_gem_glass64_J80_4_H0.0.dat;0.485890002;1.586263447;1058.310376;0.0001;66;11
term_gem_glass64_J78_8_H0.0.dat;0.487163451;1.618147342;2867.468837;0.0001;76;11
term_gem_glass64_J-80_9_H0.0.dat;0.49743957;1.586263447;287.5;0.0001;80;11
term_gem_glass64_J-80_5_H0.0.dat;0.453920856;1.602126082;568.5763889;0.0001;96;11
term_gem_glass64_J82_5_H0.0.dat;0.467212034;1.683850613;10264.66837;0.0001;112;11
term_gem_glass64_J-84_6_H0.0.dat;0.459807953;1.667178825;395.1388889;0.0001;120;11
term_gem_glass64_J82_3_H0.0.dat;0.490614772;1.586263447;2304.6875;0.0001;128;11
term_gem_glass64_J-80_4_H0.0.dat;0.508493574;1.618147342;650;0.0001;160;11
term_gem_glass64_J-86_6_H0.0.dat;0.510408667;1.586263447;640.9875074;0.0001;164;11
term_gem_glass64_J-86_9_H0.0.dat;0.482928398;1.650672104;277.069161;0.0001;168;11
term_gem_glass64_J86_1_H0.0.dat;0.499272187;1.586263447;2609.392715;0.0001;168;11
term_gem_glass64_J-88_0_H0.0.dat;0.493244189;1.586263447;322.5561114;0.0001;172;11
term_gem_glass64_J-58_5_H0.0.dat;0.45346756;1.393790364;0.088635001;0.701491909;2;12
term_gem_glass64_J62_1_H0.0.dat;0.445637306;1.407728267;1.636941079;0.536223168;2;12
term_gem_glass64_J-28_3_H0.0.dat;0.462954412;1.300013437;1406.25;0.0001;4;12
term_gem_glass64_J-50_0_H0.0.dat;0.446525495;1.407728267;625;0.0001;4;12
term_gem_glass64_J-52_4_H0.0.dat;0.477513039;1.212546004;156.25;0.0001;4;12
term_gem_glass64_J-62_2_H0.0.dat;0.442020168;1.479536557;156.25;0.0001;4;12
term_gem_glass64_J-68_4_H0.0.dat;0.441232492;1.407728267;156.25;0.0001;4;12
term_gem_glass64_J-74_7_H0.0.dat;0.436139473;1.479536557;156.25;0.0001;4;12
term_gem_glass64_J-76_0_H0.0.dat;0.423297574;1.509275241;156.25;0.0001;4;12
term_gem_glass64_J-76_3_H0.0.dat;0.447082999;1.407728267;156.25;0.0001;4;12
term_gem_glass64_J58_2_H0.0.dat;0.399255528;1.436023605;156.25;0.0001;4;12
term_gem_glass64_J-18_6_H0.0.dat;0.441692097;1.46488768;138.8888889;0.0001;6;12
term_gem_glass64_J-84_7_H0.0.dat;0.445810744;1.42180555;138.8888889;0.0001;6;12
term_gem_glass64_J40_8_H0.0.dat;0.407338219;1.524367994;138.8888889;0.0001;6;12
term_gem_glass64_J40_9_H0.0.dat;0.437055121;1.494331922;416.6666667;0.0001;6;12
term_gem_glass64_J-18_9_H0.0.dat;0.425937474;1.407728267;312.5;0.0001;8;12
term_gem_glass64_J-24_6_H0.0.dat;0.434343851;1.524367994;625;0.0001;8;12
term_gem_glass64_J-2_4_H0.0.dat;0.433455472;1.450383841;312.5;0.0001;8;12
term_gem_glass64_J-8_9_H0.0.dat;0.462458343;1.407728267;312.5;0.0001;8;12
term_gem_glass64_J2_3_H0.0.dat;0.439813054;1.494331922;429.6875;0.0001;8;12
term_gem_glass64_J84_1_H0.0.dat;0.434405602;1.494331922;781.25;0.0001;8;12
term_gem_glass64_J-48_1_H0.0.dat;0.486361104;1.287142016;350;0.0001;10;12
term_gem_glass64_J-84_1_H0.0.dat;0.436884529;1.555007791;150;0.0001;10;12
term_gem_glass64_J-60_4_H0.0.dat;0.434813373;1.602126082;295.1388889;0.0001;12;12
term_gem_glass64_J18_1_H0.0.dat;0.461459555;1.436023605;1128.472222;0.0001;12;12
term_gem_glass64_J20_2_H0.0.dat;0.448270099;1.436023605;295.1388889;0.0001;12;12
term_gem_glass64_J58_6_H0.0.dat;0.446609187;1.509275241;572.9166667;0.0001;12;12
term_gem_glass64_J80_0_H0.0.dat;0.45940426;1.479536557;295.1388889;0.0001;12;12
term_gem_glass64_J88_3_H0.0.dat;0.454544119;1.555007791;1128.472222;0.0001;12;12
term_gem_glass64_J24_8_H0.0.dat;0.45358933;1.479536557;2500;0.0001;14;12
term_gem_glass64_J-60_8_H0.0.dat;0.428975095;1.555007791;468.75;0.0001;16;12
term_gem_glass64_J-64_9_H0.0.dat;0.456393192;1.509275241;273.4375;0.0001;16;12
term_gem_glass64_J-88_8_H0.0.dat;0.465309049;1.42180555;312.5;0.0001;16;12
term_gem_glass64_J12_3_H0.0.dat;0.457870973;1.524367994;585.9375;0.0001;16;12
term_gem_glass64_J36_5_H0.0.dat;0.451604341;1.366327187;24648.4375;0.0001;16;12
term_gem_glass64_J68_6_H0.0.dat;0.479780984;1.393790364;781.25;0.0001;16;12
term_gem_glass64_J-32_1_H0.0.dat;0.416261216;1.586263447;1111.111111;0.0001;18;12
term_gem_glass64_J-46_8_H0.0.dat;0.458226493;1.555007791;277.7777778;0.0001;18;12
term_gem_glass64_J32_9_H0.0.dat;0.442830608;1.539611674;3056.25;0.0001;20;12
term_gem_glass64_J76_8_H0.0.dat;0.440627998;1.555007791;975;0.0001;20;12
term_gem_glass64_J-46_0_H0.0.dat;0.457947927;1.42180555;295.1388889;0.0001;24;12
term_gem_glass64_J-76_2_H0.0.dat;0.432940404;1.539611674;256.0763889;0.0001;24;12
term_gem_glass64_J52_7_H0.0.dat;0.443058526;1.261780234;312.5;0.0001;24;12
term_gem_glass64_J54_1_H0.0.dat;0.437169311;1.509275241;1753.472222;0.0001;24;12
term_gem_glass64_J60_4_H0.0.dat;0.432224779;1.524367994;295.1388889;0.0001;24;12
term_gem_glass64_J70_4_H0.0.dat;0.444682373;1.494331922;451.3888889;0.0001;24;12
term_gem_glass64_J78_7_H0.0.dat;0.4471013;1.539611674;6197.916667;0.0001;24;12
term_gem_glass64_J24_5_H0.0.dat;0.47478359;1.42180555;666.4540816;0.0001;28;12
term_gem_glass64_J84_8_H0.0.dat;0.448088914;1.509275241;4081.632653;0.0001;28;12
term_gem_glass64_J72_2_H0.0.dat;0.450700967;1.509275241;1066.666667;0.0001;30;12
term_gem_glass64_J-20_6_H0.0.dat;0.516393427;1.46488768;458.984375;0.0001;32;12
term_gem_glass64_J-24_9_H0.0.dat;0.463536268;1.436023605;742.1875;0.0001;32;12
term_gem_glass64_J10_7_H0.0.dat;0.45550012;1.479536557;1240.234375;0.0001;32;12
term_gem_glass64_J30_8_H0.0.dat;0.441375046;1.539611674;3376.464844;0.0001;32;12
term_gem_glass64_J74_8_H0.0.dat;0.444425456;1.555007791;1562.5;0.0001;32;12
term_gem_glass64_J86_8_H0.0.dat;0.444936375;1.555007791;1093.75;0.0001;32;12
term_gem_glass64_J-10_1_H0.0.dat;0.454413935;1.602126082;711.8055556;0.0001;36;12
term_gem_glass64_J-84_2_H0.0.dat;0.427928991;1.570557868;256.25;0.0001;40;12
term_gem_glass64_J-84_8_H0.0.dat;0.453745682;1.634328816;431.25;0.0001;40;12
term_gem_glass64_J76_3_H0.0.dat;0.44329823;1.618147342;6687.5;0.0001;40;12
term_gem_glass64_J-82_8_H0.0.dat;0.494005593;1.42180555;273.4375;0.0001;48;12
term_gem_glass64_J-82_9_H0.0.dat;0.433843242;1.570557868;295.1388889;0.0001;48;12
term_gem_glass64_J30_3_H0.0.dat;0.436755165;1.524367994;1354.166667;0.0001;48;12
term_gem_glass64_J72_1_H0.0.dat;0.44250178;1.555007791;885.4166667;0.0001;48;12
term_gem_glass64_J78_2_H0.0.dat;0.449065999;1.586263447;9479.166667;0.0001;48;12
term_gem_glass64_J-68_7_H0.0.dat;0.45610056;1.509275241;600;0.0001;50;12
term_gem_glass64_J-88_7_H0.0.dat;0.497015697;1.479536557;244;0.0001;50;12
term_gem_glass64_J76_6_H0.0.dat;0.445442686;1.586263447;1527.777778;0.0001;54;12
term_gem_glass64_J-28_8_H0.0.dat;0.471121414;1.352799195;924.744898;0.0001;56;12
term_gem_glass64_J42_1_H0.0.dat;0.441916092;1.479536557;6227.678571;0.0001;56;12
term_gem_glass64_J86_3_H0.0.dat;0.440773337;1.602126082;8188.77551;0.0001;56;12
term_gem_glass64_J-56_9_H0.0.dat;0.451088939;1.524367994;445.1388889;0.0001;60;12
term_gem_glass64_J-74_9_H0.0.dat;0.470172752;1.494331922;518.9906348;0.0001;62;12
term_gem_glass64_J88_2_H0.0.dat;0.442105325;1.717696011;5429.6875;0.0001;64;12
term_gem_glass64_J-80_8_H0.0.dat;0.465478859;1.494331922;295.1388889;0.0001;72;12
term_gem_glass64_J24_0_H0.0.dat;0.457700514;1.509275241;1927.393186;0.0001;86;12
term_gem_glass64_J-70_4_H0.0.dat;0.45857948;1.618147342;367.7040289;0.0001;88;12
term_gem_glass64_J-34_1_H0.0.dat;0.454933714;1.602126082;545.7899306;0.0001;96;12
term_gem_glass64_J-82_1_H0.0.dat;0.466411691;1.539611674;408.6538462;0.0001;104;12
term_gem_glass64_J40_0_H0.0.dat;0.45477383;1.494331922;1391.457101;0.0001;104;12
term_gem_glass64_J-40_8_H0.0.dat;0.444007561;1.46488768;749.5284636;0.0001;108;12
term_gem_glass64_J-40_9_H0.0.dat;0.457850282;1.570557868;1961.805556;0.0001;108;12
term_gem_glass64_J-88_9_H0.0.dat;0.464452227;1.555007791;217.9783951;0.0001;108;12
term_gem_glass64_J74_5_H0.0.dat;0.45741316;1.555007791;5218.055556;0.0001;120;12
term_gem_glass64_J80_2_H0.0.dat;0.465417448;1.618147342;18122.55859;0.0001;128;12
term_gem_glass64_J4_7_H0.0.dat;0.452825732;1.570557868;3115.268166;0.0001;136;12
term_gem_glass64_J82_8_H0.0.dat;0.448604726;1.586263447;32143.70675;0.0001;136;12
term_gem_glass64_J-88_3_H0.0.dat;0.48487834;1.586263447;342.8819444;0.0001;144;12
term_gem_glass64_J-88_4_H0.0.dat;0.462251567;1.570557868;489.9691358;0.0001;144;12
term_gem_glass64_J78_9_H0.0.dat;0.446599709;1.586263447;24893.90432;0.0001;180;12
term_gem_glass64_J82_1_H0.0.dat;0.46796316;1.539611674;28703.73022;0.0001;196;12
term_gem_glass64_J-84_9_H0.0.dat;0.429122446;1.602126082;588.5;0.0001;200;12
term_gem_glass64_J74_0_H0.0.dat;0.436592746;1.667178825;12947.07429;0.0001;234;12
term_gem_glass64_J-84_0_H0.0.dat;0.456261471;1.650672104;764.7460938;0.0001;320;12
term_gem_glass64_J-10_3_H0.0.dat;0.41084449;1.42180555;0.315043816;0.76721137;2;13
term_gem_glass64_J-12_7_H0.0.dat;0.397703763;1.450383841;0.514918103;0.580652854;2;13
term_gem_glass64_J-66_8_H0.0.dat;0.428239197;1.352799195;0.078546302;1.539611674;2;13
term_gem_glass64_J-32_3_H0.0.dat;0.431094733;1.407728267;156.25;0.0001;4;13
term_gem_glass64_J-50_8_H0.0.dat;0.405851311;1.450383841;625;0.0001;4;13
term_gem_glass64_J26_0_H0.0.dat;0.405612223;1.524367994;156.25;0.0001;4;13
term_gem_glass64_J-42_0_H0.0.dat;0.425006983;1.366327187;416.6666667;0.0001;6;13
term_gem_glass64_J-70_7_H0.0.dat;0.443448015;1.236918178;138.8888889;0.0001;6;13
term_gem_glass64_J-46_4_H0.0.dat;0.434582716;1.366327187;312.5;0.0001;8;13
term_gem_glass64_J-78_8_H0.0.dat;0.433854348;1.313013571;312.5;0.0001;8;13
term_gem_glass64_J56_4_H0.0.dat;0.411873605;1.300013437;1367.1875;0.0001;8;13
term_gem_glass64_J62_7_H0.0.dat;0.425555033;1.393790364;312.5;0.0001;8;13
term_gem_glass64_J-18_0_H0.0.dat;0.442506988;1.326143707;850;0.0001;10;13
term_gem_glass64_J-22_5_H0.0.dat;0.445334233;1.313013571;572.9166667;0.0001;12;13
term_gem_glass64_J-30_7_H0.0.dat;0.435034922;1.352799195;572.9166667;0.0001;12;13
term_gem_glass64_J-66_6_H0.0.dat;0.417638459;1.450383841;295.1388889;0.0001;12;13
term_gem_glass64_J-66_9_H0.0.dat;0.41826143;1.46488768;295.1388889;0.0001;12;13
term_gem_glass64_J14_0_H0.0.dat;0.455313911;1.274398036;295.1388889;0.0001;12;13
term_gem_glass64_J18_0_H0.0.dat;0.429760189;1.366327187;295.1388889;0.0001;12;13
term_gem_glass64_J44_0_H0.0.dat;0.413398503;1.524367994;295.1388889;0.0001;12;13
term_gem_glass64_J78_3_H0.0.dat;0.417266881;1.46488768;763.8888889;0.0001;12;13
term_gem_glass64_J-2_0_H0.0.dat;0.42536822;1.42180555;468.75;0.0001;16;13
term_gem_glass64_J-46_9_H0.0.dat;0.430124988;1.393790364;468.75;0.0001;16;13
term_gem_glass64_J-6_2_H0.0.dat;0.413644563;1.450383841;468.75;0.0001;16;13
term_gem_glass64_J16_6_H0.0.dat;0.430209564;1.352799195;273.4375;0.0001;16;13
term_gem_glass64_J22_1_H0.0.dat;0.420336979;1.366327187;1523.4375;0.0001;16;13
term_gem_glass64_J40_7_H0.0.dat;0.419157419;1.379990459;937.5;0.0001;16;13
term_gem_glass64_J46_2_H0.0.dat;0.409273608;1.366327187;585.9375;0.0001;16;13
term_gem_glass64_J64_0_H0.0.dat;0.423599631;1.450383841;468.75;0.0001;16;13
term_gem_glass64_J78_5_H0.0.dat;0.427063499;1.494331922;468.75;0.0001;16;13
term_gem_glass64_J82_2_H0.0.dat;0.431720004;1.539611674;2812.5;0.0001;16;13
term_gem_glass64_J-76_5_H0.0.dat;0.403698233;1.524367994;277.7777778;0.0001;18;13
term_gem_glass64_J32_0_H0.0.dat;0.454476041;1.24928736;555.5555556;0.0001;18;13
term_gem_glass64_J-36_9_H0.0.dat;0.423944906;1.479536557;775;0.0001;20;13
term_gem_glass64_J-70_8_H0.0.dat;0.411884273;1.407728267;506.25;0.0001;20;13
term_gem_glass64_J26_5_H0.0.dat;0.431535249;1.42180555;806.25;0.0001;20;13
term_gem_glass64_J-34_6_H0.0.dat;0.400957232;1.46488768;729.1666667;0.0001;24;13
term_gem_glass64_J-52_7_H0.0.dat;0.40478639;1.494331922;312.5;0.0001;24;13
term_gem_glass64_J-62_3_H0.0.dat;0.43494337;1.407728267;503.4722222;0.0001;24;13
term_gem_glass64_J-64_1_H0.0.dat;0.400445391;1.509275241;243.0555556;0.0001;24;13
term_gem_glass64_J-74_2_H0.0.dat;0.409149156;1.450383841;451.3888889;0.0001;24;13
term_gem_glass64_J-82_6_H0.0.dat;0.417024634;1.479536557;295.1388889;0.0001;24;13
term_gem_glass64_J36_9_H0.0.dat;0.472065693;1.287142016;451.3888889;0.0001;24;13
term_gem_glass64_J72_9_H0.0.dat;0.42066131;1.555007791;1089.409722;0.0001;24;13
term_gem_glass64_J-38_1_H0.0.dat;0.419849685;1.436023605;462.372449;0.0001;28;13
term_gem_glass64_J74_1_H0.0.dat;0.405166489;1.570557868;2962.372449;0.0001;28;13
term_gem_glass64_J16_0_H0.0.dat;0.438784627;1.352799195;1166.666667;0.0001;30;13
term_gem_glass64_J32_4_H0.0.dat;0.437159951;1.602126082;4155.555556;0.0001;30;13
term_gem_glass64_J-34_2_H0.0.dat;0.430697285;1.42180555;898.4375;0.0001;32;13
term_gem_glass64_J-48_4_H0.0.dat;0.480129219;1.287142016;458.984375;0.0001;32;13
term_gem_glass64_J-72_6_H0.0.dat;0.451451703;1.274398036;312.5;0.0001;32;13
term_gem_glass64_J-82_4_H0.0.dat;0.429309405;1.570557868;224.609375;0.0001;32;13
term_gem_glass64_J42_6_H0.0.dat;0.424217751;1.46488768;625;0.0001;32;13
term_gem_glass64_J46_4_H0.0.dat;0.412210226;1.494331922;1093.75;0.0001;32;13
term_gem_glass64_J60_2_H0.0.dat;0.456191185;1.261780234;2500;0.0001;32;13
term_gem_glass64_J64_8_H0.0.dat;0.441347631;1.393790364;468.75;0.0001;32;13
term_gem_glass64_J70_5_H0.0.dat;0.44529151;1.287142016;32148.4375;0.0001;32;13
term_gem_glass64_J74_7_H0.0.dat;0.418705076;1.42180555;1875;0.0001;32;13
term_gem_glass64_J18_7_H0.0.dat;0.418727561;1.509275241;570.9342561;0.0001;34;13
term_gem_glass64_J-64_0_H0.0.dat;0.398981403;1.586263447;217.9783951;0.0001;36;13
term_gem_glass64_J70_6_H0.0.dat;0.42002069;1.494331922;773.5339506;0.0001;36;13
term_gem_glass64_J-6_3_H0.0.dat;0.412644381;1.634328816;3006.25;0.0001;40;13
term_gem_glass64_J40_2_H0.0.dat;0.426463319;1.494331922;4531.25;0.0001;40;13
term_gem_glass64_J82_4_H0.0.dat;0.410944843;1.46488768;1562.5;0.0001;40;13
term_gem_glass64_J82_9_H0.0.dat;0.415587362;1.555007791;4462.5;0.0001;40;13
term_gem_glass64_J-50_5_H0.0.dat;0.398940254;1.586263447;929.7052154;0.0001;42;13
term_gem_glass64_J-72_4_H0.0.dat;0.415477814;1.555007791;484.6938776;0.0001;42;13
term_gem_glass64_J-56_5_H0.0.dat;0.434455563;1.393790364;468.75;0.0001;48;13
term_gem_glass64_J-64_2_H0.0.dat;0.486356817;1.24928736;416.6666667;0.0001;48;13
term_gem_glass64_J-78_7_H0.0.dat;0.415422325;1.555007791;416.6666667;0.0001;48;13
term_gem_glass64_J12_2_H0.0.dat;0.452979665;1.379990459;3190.104167;0.0001;48;13
term_gem_glass64_J36_1_H0.0.dat;0.431864355;1.450383841;885.4166667;0.0001;48;13
term_gem_glass64_J50_2_H0.0.dat;0.430716597;1.46488768;1909.722222;0.0001;48;13
term_gem_glass64_J60_6_H0.0.dat;0.425004047;1.479536557;5104.166667;0.0001;48;13
term_gem_glass64_J6_5_H0.0.dat;0.455380538;1.352799195;3368.055556;0.0001;48;13
term_gem_glass64_J-34_8_H0.0.dat;0.426514731;1.366327187;651.8121302;0.0001;52;13
term_gem_glass64_J-42_8_H0.0.dat;0.428406443;1.479536557;156.0356653;0.0001;54;13
term_gem_glass64_J78_1_H0.0.dat;0.431346172;1.339405144;30015.4321;0.0001;54;13
term_gem_glass64_J-52_1_H0.0.dat;0.403189474;1.667178825;487.8826531;0.0001;56;13
term_gem_glass64_J22_7_H0.0.dat;0.451972522;1.300013437;3880.739796;0.0001;56;13
term_gem_glass64_J26_3_H0.0.dat;0.441358677;1.436023605;5299.744898;0.0001;56;13
term_gem_glass64_J2_0_H0.0.dat;0.415325361;1.539611674;395.1388889;0.0001;60;13
term_gem_glass64_J68_7_H0.0.dat;0.431988738;1.436023605;6891.666667;0.0001;60;13
term_gem_glass64_J-26_9_H0.0.dat;0.431021623;1.479536557;1223.985432;0.0001;62;13
term_gem_glass64_J-62_8_H0.0.dat;0.416815774;1.555007791;771.484375;0.0001;64;13
term_gem_glass64_J-58_0_H0.0.dat;0.400702771;1.586263447;818.0147059;0.0001;68;13
term_gem_glass64_J-36_0_H0.0.dat;0.413664936;1.494331922;434.0277778;0.0001;72;13
term_gem_glass64_J34_6_H0.0.dat;0.423263375;1.407728267;1028.826177;0.0001;76;13
term_gem_glass64_J52_5_H0.0.dat;0.444551902;1.450383841;1814.837258;0.0001;76;13
term_gem_glass64_J70_0_H0.0.dat;0.419219024;1.479536557;5672.177978;0.0001;76;13
term_gem_glass64_J-78_0_H0.0.dat;0.417593031;1.618147342;673.4375;0.0001;80;13
term_gem_glass64_J18_4_H0.0.dat;0.45333958;1.407728267;8850;0.0001;80;13
term_gem_glass64_J30_9_H0.0.dat;0.45034893;1.494331922;818.75;0.0001;80;13
term_gem_glass64_J-48_0_H0.0.dat;0.46030948;1.379990459;404.9486209;0.0001;86;13
term_gem_glass64_J-74_0_H0.0.dat;0.411971054;1.570557868;1039.514463;0.0001;88;13
term_gem_glass64_J-76_8_H0.0.dat;0.418751822;1.555007791;534.3218336;0.0001;92;13
term_gem_glass64_J20_1_H0.0.dat;0.453064971;1.436023605;2022.68431;0.0001;92;13
term_gem_glass64_J-74_4_H0.0.dat;0.43580616;1.509275241;903.8494513;0.0001;108;13
term_gem_glass64_J86_4_H0.0.dat;0.441825289;1.42180555;6915.509259;0.0001;108;13
term_gem_glass64_J-70_3_H0.0.dat;0.423893337;1.436023605;344.3877551;0.0001;112;13
term_gem_glass64_J-62_6_H0.0.dat;0.43024196;1.555007791;1295.138889;0.0001;120;13
term_gem_glass64_J-72_0_H0.0.dat;0.43616642;1.46488768;212.5;0.0001;120;13
term_gem_glass64_J72_5_H0.0.dat;0.422508427;1.494331922;5476.229188;0.0001;124;13
term_gem_glass64_J-62_5_H0.0.dat;0.429001683;1.407728267;900;0.0001;130;13
term_gem_glass64_J-26_3_H0.0.dat;0.428323895;1.524367994;903.4341525;0.0001;138;13
term_gem_glass64_J-44_3_H0.0.dat;0.455575945;1.450383841;729.1666667;0.0001;144;13
term_gem_glass64_J-86_7_H0.0.dat;0.428249777;1.634328816;590.2777778;0.0001;144;13
term_gem_glass64_J36_3_H0.0.dat;0.428261858;1.683850613;1919.367284;0.0001;144;13
term_gem_glass64_J38_9_H0.0.dat;0.454237434;1.379990459;1871.985918;0.0001;144;13
term_gem_glass64_J-62_1_H0.0.dat;0.430444354;1.42180555;475.119165;0.0001;156;13
term_gem_glass64_J-56_7_H0.0.dat;0.420500073;1.602126082;368.75;0.0001;160;13
term_gem_glass64_J82_0_H0.0.dat;0.409303034;1.570557868;12912.5;0.0001;160;13
term_gem_glass64_J74_3_H0.0.dat;0.441498179;1.539611674;6445.138889;0.0001;180;13
term_gem_glass64_J44_6_H0.0.dat;0.434247181;1.509275241;7964.409722;0.0001;192;13
term_gem_glass64_J66_2_H0.0.dat;0.423364139;1.570557868;15363.49826;0.0001;192;13
term_gem_glass64_J78_4_H0.0.dat;0.435254243;1.570557868;4191.623264;0.0001;192;13
term_gem_glass64_J66_6_H0.0.dat;0.433639455;1.479536557;4275;0.0001;200;13
term_gem_glass64_J-62_0_H0.0.dat;0.424965547;1.555007791;751.3605442;0.0001;210;13
term_gem_glass64_J-72_5_H0.0.dat;0.434888205;1.494331922;379.1887125;0.0001;252;13
term_gem_glass64_J10_3_H0.0.dat;0.445676246;1.539611674;1287.5;0.0001;280;13
term_gem_glass64_J-86_5_H0.0.dat;0.418978431;1.555007791;479.5927684;0.0001;296;13
term_gem_glass64_J70_8_H0.0.dat;0.426599134;1.539611674;2672.06211;0.0001;308;13
term_gem_glass64_J52_8_H0.0.dat;0.444310331;1.494331922;6210.058594;0.0001;320;13
term_gem_glass64_J76_9_H0.0.dat;0.422022978;1.618147342;14320.24939;0.0001;324;13
term_gem_glass64_J76_1_H0.0.dat;0.421055233;1.634328816;31084.02955;0.0001;334;13
term_gem_glass64_J-78_4_H0.0.dat;0.413330071;1.717696011;369.7482639;0.0001;480;13
term_gem_glass64_J78_0_H0.0.dat;0.437061153;1.570557868;10452.79437;0.0001;482;13
term_gem_glass64_J-68_6_H0.0.dat;0.422367898;1.586263447;969.3307227;0.0001;530;13
term_gem_glass64_J64_5_H0.0.dat;0.438825552;1.667178825;13657.848;0.0001;556;13
term_gem_glass64_J-80_1_H0.0.dat;0.443089411;1.667178825;481.9335937;0.0001;640;13
term_gem_glass64_J-80_3_H0.0.dat;0.438500756;1.650672104;624.385304;0.0001;1416;13
term_gem_glass64_J-54_3_H0.0.dat;0.378084213;1.436023605;156.25;0.0001;4;14
term_gem_glass64_J44_3_H0.0.dat;0.40885934;1.326143707;156.25;0.0001;4;14
term_gem_glass64_J46_6_H0.0.dat;0.40737836;0.964509762;416.6666667;0.0001;6;14
term_gem_glass64_J-14_2_H0.0.dat;0.396563097;1.352799195;312.5;0.0001;8;14
term_gem_glass64_J10_5_H0.0.dat;0.422727249;1.165232876;156.25;0.0001;8;14
term_gem_glass64_J48_0_H0.0.dat;0.40605959;1.212546004;312.5;0.0001;8;14
term_gem_glass64_J4_3_H0.0.dat;0.39286273;1.407728267;156.25;0.0001;8;14
term_gem_glass64_J-36_7_H0.0.dat;0.390689765;1.42180555;295.1388889;0.0001;12;14
term_gem_glass64_J-48_7_H0.0.dat;0.40056146;1.300013437;295.1388889;0.0001;12;14
term_gem_glass64_J-58_7_H0.0.dat;0.374696812;1.42180555;295.1388889;0.0001;12;14
term_gem_glass64_J44_9_H0.0.dat;0.410897642;1.313013571;1822.916667;0.0001;12;14
term_gem_glass64_J64_9_H0.0.dat;0.392321706;1.352799195;3628.472222;0.0001;12;14
term_gem_glass64_J24_3_H0.0.dat;0.410881983;1.313013571;688.7755102;0.0001;14;14
term_gem_glass64_J-32_5_H0.0.dat;0.380257714;1.539611674;273.4375;0.0001;16;14
term_gem_glass64_J44_8_H0.0.dat;0.398608766;1.393790364;937.5;0.0001;16;14
term_gem_glass64_J-48_8_H0.0.dat;0.428223333;1.300013437;524.691358;0.0001;18;14
term_gem_glass64_J-6_7_H0.0.dat;0.439550542;1.224671464;1728.395062;0.0001;18;14
term_gem_glass64_J-32_0_H0.0.dat;0.38953956;1.46488768;806.25;0.0001;20;14
term_gem_glass64_J-64_3_H0.0.dat;0.380424634;1.602126082;1064.049587;0.0001;22;14
term_gem_glass64_J-16_4_H0.0.dat;0.439035151;1.13096355;1545.138889;0.0001;24;14
term_gem_glass64_J-42_7_H0.0.dat;0.440221229;1.313013571;295.1388889;0.0001;24;14
term_gem_glass64_J14_1_H0.0.dat;0.39330854;1.379990459;295.1388889;0.0001;24;14
term_gem_glass64_J36_6_H0.0.dat;0.382145606;1.274398036;451.3888889;0.0001;24;14
term_gem_glass64_J4_2_H0.0.dat;0.401928543;1.393790364;572.9166667;0.0001;24;14
term_gem_glass64_J-20_7_H0.0.dat;0.407328958;1.326143707;1264.792899;0.0001;26;14
term_gem_glass64_J-74_3_H0.0.dat;0.389734177;1.46488768;666.4540816;0.0001;28;14
term_gem_glass64_J-22_4_H0.0.dat;0.408172328;1.436023605;488.8888889;0.0001;30;14
term_gem_glass64_J-26_2_H0.0.dat;0.418919224;1.313013571;566.6666667;0.0001;30;14
term_gem_glass64_J-36_3_H0.0.dat;0.422327729;1.339405144;288.8888889;0.0001;30;14
term_gem_glass64_J-10_5_H0.0.dat;0.401356059;1.379990459;849.609375;0.0001;32;14
term_gem_glass64_J-26_4_H0.0.dat;0.393439838;1.436023605;1093.75;0.0001;32;14
term_gem_glass64_J-56_0_H0.0.dat;0.399192149;1.42180555;251.4648438;0.0001;32;14
term_gem_glass64_J-56_3_H0.0.dat;0.421536683;1.407728267;273.4375;0.0001;32;14
term_gem_glass64_J-74_8_H0.0.dat;0.380506131;1.339405144;302.734375;0.0001;32;14
term_gem_glass64_J-46_3_H0.0.dat;0.390340494;1.555007791;217.9783951;0.0001;36;14
term_gem_glass64_J-72_3_H0.0.dat;0.399795366;1.379990459;310.5709877;0.0001;36;14
term_gem_glass64_J64_7_H0.0.dat;0.39292687;1.46488768;9569.830247;0.0001;36;14
term_gem_glass64_J-18_1_H0.0.dat;0.382582548;1.509275241;662.5;0.0001;40;14
term_gem_glass64_J18_6_H0.0.dat;0.388503434;1.450383841;912.5;0.0001;40;14
term_gem_glass64_J-18_8_H0.0.dat;0.420940184;1.261780234;274.9433107;0.0001;42;14
term_gem_glass64_J-2_3_H0.0.dat;0.407005743;1.339405144;703.7706612;0.0001;44;14
term_gem_glass64_J-66_7_H0.0.dat;0.405288091;1.524367994;435.1756198;0.0001;44;14
term_gem_glass64_J30_1_H0.0.dat;0.392970348;1.46488768;9278.150826;0.0001;44;14
term_gem_glass64_J68_4_H0.0.dat;0.389369222;1.407728267;931.0433884;0.0001;44;14
term_gem_glass64_J66_7_H0.0.dat;0.410928816;1.450383841;1493.055556;0.0001;48;14
term_gem_glass64_J8_0_H0.0.dat;0.397824218;1.379990459;607.6388889;0.0001;48;14
term_gem_glass64_J-76_4_H0.0.dat;0.40022961;1.509275241;462.372449;0.0001;56;14
term_gem_glass64_J-14_4_H0.0.dat;0.383334616;1.42180555;445.1388889;0.0001;60;14
term_gem_glass64_J-26_5_H0.0.dat;0.404531689;1.393790364;228.4722222;0.0001;60;14
term_gem_glass64_J-60_5_H0.0.dat;0.427160979;1.287142016;580.5555556;0.0001;60;14
term_gem_glass64_J70_9_H0.0.dat;0.415871884;1.450383841;12955.55556;0.0001;60;14
term_gem_glass64_J-32_6_H0.0.dat;0.430216552;1.366327187;2031.25;0.0001;64;14
term_gem_glass64_J-76_9_H0.0.dat;0.399340481;1.407728267;468.75;0.0001;64;14
term_gem_glass64_J46_0_H0.0.dat;0.41279971;1.326143707;1171.875;0.0001;64;14
term_gem_glass64_J48_3_H0.0.dat;0.412278531;1.326143707;1718.75;0.0001;64;14
term_gem_glass64_J50_9_H0.0.dat;0.388872037;1.509275241;2458.496094;0.0001;64;14
term_gem_glass64_J52_4_H0.0.dat;0.393999303;1.326143707;4375;0.0001;64;14
term_gem_glass64_J62_8_H0.0.dat;0.398719707;1.450383841;2031.25;0.0001;64;14
term_gem_glass64_J68_2_H0.0.dat;0.399681756;1.46488768;1787.109375;0.0001;64;14
term_gem_glass64_J68_8_H0.0.dat;0.423373382;1.326143707;1250;0.0001;64;14
term_gem_glass64_J54_6_H0.0.dat;0.421315047;1.300013437;5282.369146;0.0001;66;14
term_gem_glass64_J-20_1_H0.0.dat;0.395176671;1.450383841;605.5363322;0.0001;68;14
term_gem_glass64_J70_7_H0.0.dat;0.398327666;1.450383841;3763.516436;0.0001;68;14
term_gem_glass64_J-38_5_H0.0.dat;0.401087204;1.436023605;2712.191358;0.0001;72;14
term_gem_glass64_J-72_1_H0.0.dat;0.431411464;1.379990459;659.7222222;0.0001;72;14
term_gem_glass64_J10_0_H0.0.dat;0.403684867;1.352799195;2874.228395;0.0001;72;14
term_gem_glass64_J64_6_H0.0.dat;0.381734983;1.494331922;2278.16358;0.0001;72;14
term_gem_glass64_J6_8_H0.0.dat;0.382296035;1.555007791;1670.524691;0.0001;72;14
term_gem_glass64_J-66_4_H0.0.dat;0.41856046;1.46488768;718.75;0.0001;80;14
term_gem_glass64_J18_8_H0.0.dat;0.407834176;1.450383841;2662.5;0.0001;80;14
term_gem_glass64_J-24_2_H0.0.dat;0.388807343;1.524367994;632.4404762;0.0001;84;14
term_gem_glass64_J64_3_H0.0.dat;0.39866669;1.436023605;12446.49943;0.0001;84;14
term_gem_glass64_J28_5_H0.0.dat;0.427348672;1.300013437;1405.555556;0.0001;90;14
term_gem_glass64_J74_4_H0.0.dat;0.408753251;1.407728267;12091.35802;0.0001;90;14
term_gem_glass64_J20_9_H0.0.dat;0.421445455;1.326143707;2356.155482;0.0001;92;14
term_gem_glass64_J-58_2_H0.0.dat;0.420014309;1.352799195;312.5;0.0001;96;14
term_gem_glass64_J-22_7_H0.0.dat;0.399037007;1.393790364;1214;0.0001;100;14
term_gem_glass64_J16_8_H0.0.dat;0.398803699;1.479536557;506.25;0.0001;100;14
term_gem_glass64_J32_1_H0.0.dat;0.405735033;1.479536557;1356.25;0.0001;100;14
term_gem_glass64_J30_7_H0.0.dat;0.387225859;1.555007791;4259.96796;0.0001;106;14
term_gem_glass64_J-12_3_H0.0.dat;0.403212675;1.407728267;449.4598765;0.0001;108;14
term_gem_glass64_J-20_2_H0.0.dat;0.383690922;1.494331922;588.3487654;0.0001;108;14
term_gem_glass64_J-72_7_H0.0.dat;0.421709947;1.46488768;713.4885204;0.0001;112;14
term_gem_glass64_J42_5_H0.0.dat;0.417169669;1.366327187;3411.989796;0.0001;112;14
term_gem_glass64_J46_9_H0.0.dat;0.417612581;1.570557868;10089.58333;0.0001;120;14
term_gem_glass64_J-66_2_H0.0.dat;0.409892953;1.407728267;226.7573696;0.0001;126;14
term_gem_glass64_J8_8_H0.0.dat;0.417001704;1.393790364;2899.974805;0.0001;126;14
term_gem_glass64_J46_3_H0.0.dat;0.39534368;1.393790364;3143.920898;0.0001;128;14
term_gem_glass64_J-8_3_H0.0.dat;0.407444224;1.450383841;1434.946051;0.0001;132;14
term_gem_glass64_J26_6_H0.0.dat;0.423530018;1.393790364;2416.35101;0.0001;132;14
term_gem_glass64_J-48_6_H0.0.dat;0.39511337;1.509275241;1010.488754;0.0001;136;14
term_gem_glass64_J-64_6_H0.0.dat;0.410760384;1.539611674;476.7905902;0.0001;138;14
term_gem_glass64_J-42_1_H0.0.dat;0.407507171;1.524367994;683.8634122;0.0001;156;14
term_gem_glass64_J58_5_H0.0.dat;0.420349685;1.393790364;2306.048652;0.0001;156;14
term_gem_glass64_J-14_1_H0.0.dat;0.431242305;1.379990459;1681.25;0.0001;160;14
term_gem_glass64_J12_4_H0.0.dat;0.430577574;1.366327187;3079.6875;0.0001;160;14
term_gem_glass64_J22_5_H0.0.dat;0.408944809;1.393790364;1150;0.0001;160;14
term_gem_glass64_J24_1_H0.0.dat;0.39553816;1.450383841;992.1875;0.0001;160;14
term_gem_glass64_J-24_7_H0.0.dat;0.407736114;1.450383841;1876.771542;0.0001;168;14
term_gem_glass64_J-50_1_H0.0.dat;0.39572098;1.524367994;534.6450617;0.0001;180;14
term_gem_glass64_J-8_7_H0.0.dat;0.421482365;1.450383841;1733.88694;0.0001;188;14
term_gem_glass64_J-30_8_H0.0.dat;0.407540319;1.539611674;768.0339293;0.0001;204;14
term_gem_glass64_J-66_5_H0.0.dat;0.418283584;1.42180555;278.01807;0.0001;204;14
term_gem_glass64_J56_2_H0.0.dat;0.405034885;1.42180555;11450.2492;0.0001;212;14
term_gem_glass64_J8_1_H0.0.dat;0.413710415;1.42180555;1557.141632;0.0001;216;14
term_gem_glass64_J-60_2_H0.0.dat;0.396496438;1.524367994;1203.563457;0.0001;224;14
term_gem_glass64_J-50_9_H0.0.dat;0.416319948;1.379990459;450.4529184;0.0001;234;14
term_gem_glass64_J32_2_H0.0.dat;0.43497704;1.42180555;1358.849828;0.0001;236;14
term_gem_glass64_J72_6_H0.0.dat;0.430341283;1.42180555;13973.94252;0.0001;238;14
term_gem_glass64_J-54_0_H0.0.dat;0.441525097;1.393790364;1699.826389;0.0001;240;14
term_gem_glass64_J14_4_H0.0.dat;0.404718588;1.46488768;1328.646115;0.0001;258;14
term_gem_glass64_J6_2_H0.0.dat;0.424932285;1.42180555;2543.041284;0.0001;258;14
term_gem_glass64_J-56_6_H0.0.dat;0.400732972;1.555007791;620.1216713;0.0001;264;14
term_gem_glass64_J-58_9_H0.0.dat;0.400500153;1.524367994;511.6505969;0.0001;264;14
term_gem_glass64_J52_3_H0.0.dat;0.404422443;1.509275241;2203.584559;0.0001;272;14
term_gem_glass64_J66_1_H0.0.dat;0.413385923;1.46488768;3651.051512;0.0001;276;14
term_gem_glass64_J-36_2_H0.0.dat;0.409424527;1.42180555;2978.358709;0.0001;284;14
term_gem_glass64_J-56_4_H0.0.dat;0.407577243;1.509275241;570.9876543;0.0001;288;14
term_gem_glass64_J56_0_H0.0.dat;0.422079736;1.366327187;5077.039931;0.0001;288;14
term_gem_glass64_J-68_5_H0.0.dat;0.413733516;1.555007791;780.9075968;0.0001;296;14
term_gem_glass64_J-48_9_H0.0.dat;0.418991355;1.46488768;739.5833333;0.0001;300;14
term_gem_glass64_J-10_9_H0.0.dat;0.430739295;1.366327187;1593.359375;0.0001;320;14
term_gem_glass64_J-50_4_H0.0.dat;0.415319498;1.42180555;548.4375;0.0001;320;14
term_gem_glass64_J-66_3_H0.0.dat;0.418660729;1.479536557;903.9256198;0.0001;352;14
term_gem_glass64_J-78_3_H0.0.dat;0.411342052;1.539611674;589.4918515;0.0001;376;14
term_gem_glass64_J-82_0_H0.0.dat;0.411835311;1.586263447;587.440584;0.0001;376;14
term_gem_glass64_J-56_2_H0.0.dat;0.411328133;1.524367994;774.3940443;0.0001;380;14
term_gem_glass64_J-40_6_H0.0.dat;0.399342963;1.509275241;844.9375;0.0001;400;14
term_gem_glass64_J-70_1_H0.0.dat;0.416119734;1.570557868;576.8652922;0.0001;416;14
term_gem_glass64_J-74_6_H0.0.dat;0.426958695;1.494331922;717.1103395;0.0001;432;14
term_gem_glass64_J46_5_H0.0.dat;0.420084092;1.494331922;1564.566116;0.0001;440;14
term_gem_glass64_J-38_0_H0.0.dat;0.412202319;1.494331922;658.6492804;0.0001;468;14
term_gem_glass64_J-32_7_H0.0.dat;0.424685747;1.524367994;1961.496643;0.0001;502;14
term_gem_glass64_J34_1_H0.0.dat;0.414441781;1.555007791;9830.872741;0.0001;510;14
term_gem_glass64_J-76_6_H0.0.dat;0.43620029;1.46488768;797.896849;0.0001;580;14
term_gem_glass64_J-12_5_H0.0.dat;0.414682086;1.436023605;3015.620328;0.0001;612;14
term_gem_glass64_J-54_1_H0.0.dat;0.414377725;1.509275241;1000.137577;0.0001;638;14
term_gem_glass64_J58_1_H0.0.dat;0.415754769;1.436023605;7137.057722;0.0001;704;14
term_gem_glass64_J72_0_H0.0.dat;0.426409271;1.46488768;7255.015432;0.0001;756;14
term_gem_glass64_J76_5_H0.0.dat;0.411241672;1.46488768;16325.70042;0.0001;846;14
term_gem_glass64_J-4_8_H0.0.dat;0.432289501;1.46488768;1881.36096;0.0001;868;14
term_gem_glass64_J-60_1_H0.0.dat;0.421883629;1.539611674;396.6932593;0.0001;930;14
term_gem_glass64_J-30_3_H0.0.dat;0.407739161;1.570557868;908.4073444;0.0001;1008;14
term_gem_glass64_J42_3_H0.0.dat;0.436489506;1.509275241;14762.33858;0.0001;1030;14
term_gem_glass64_J-80_6_H0.0.dat;0.445513346;1.479536557;864.4955698;0.0001;1272;14
term_gem_glass64_J80_7_H0.0.dat;0.404592492;1.618147342;14220.79958;0.0001;1492;14
term_gem_glass64_J8_7_H0.0.dat;0.417570205;1.618147342;5907.104119;0.0001;1808;14
term_gem_glass64_J60_7_H0.0.dat;0.388750051;1.313013571;6.824107366;0.353059479;2;15
term_gem_glass64_J-6_5_H0.0.dat;0.370452795;1.393790364;0.419410484;0.485435839;4;15
term_gem_glass64_J44_4_H0.0.dat;0.404017091;1.054870122;312.5;0.0001;8;15
term_gem_glass64_J-10_7_H0.0.dat;0.375716621;1.339405144;711.8055556;0.0001;12;15
term_gem_glass64_J-46_6_H0.0.dat;0.374001069;1.313013571;156.25;0.0001;12;15
term_gem_glass64_J-8_6_H0.0.dat;0.355454071;1.46488768;1128.472222;0.0001;12;15
term_gem_glass64_J56_9_H0.0.dat;0.375041514;1.1086791;572.9166667;0.0001;12;15
term_gem_glass64_J-28_5_H0.0.dat;0.375415263;1.352799195;585.9375;0.0001;16;15
term_gem_glass64_J-36_8_H0.0.dat;0.396318841;1.200540598;138.8888889;0.0001;18;15
term_gem_glass64_J-12_8_H0.0.dat;0.383594697;1.352799195;306.25;0.0001;20;15
term_gem_glass64_J-42_2_H0.0.dat;0.391155956;1.274398036;556.25;0.0001;20;15
term_gem_glass64_J48_2_H0.0.dat;0.385589148;1.313013571;725;0.0001;20;15
term_gem_glass64_J54_7_H0.0.dat;0.386873812;1.352799195;406.25;0.0001;20;15
term_gem_glass64_J-22_3_H0.0.dat;0.388960338;1.224671464;937.5;0.0001;24;15
term_gem_glass64_J-52_8_H0.0.dat;0.394412754;1.326143707;295.1388889;0.0001;24;15
term_gem_glass64_J22_6_H0.0.dat;0.407827883;1.165232876;5763.888889;0.0001;24;15
term_gem_glass64_J44_2_H0.0.dat;0.38356867;1.176885205;568.5763889;0.0001;24;15
term_gem_glass64_J48_7_H0.0.dat;0.395757351;1.366327187;3025.147929;0.0001;26;15
term_gem_glass64_J-26_7_H0.0.dat;0.401109759;1.339405144;819.5153061;0.0001;28;15
term_gem_glass64_J-40_0_H0.0.dat;0.380362854;1.261780234;768.494898;0.0001;28;15
term_gem_glass64_J-44_4_H0.0.dat;0.366480699;1.436023605;1250;0.0001;32;15
term_gem_glass64_J-54_7_H0.0.dat;0.373242395;1.326143707;273.4375;0.0001;32;15
term_gem_glass64_J18_2_H0.0.dat;0.370776398;1.393790364;458.984375;0.0001;32;15
term_gem_glass64_J-16_0_H0.0.dat;0.350464568;1.42180555;588.3487654;0.0001;36;15
term_gem_glass64_J-70_2_H0.0.dat;0.367712847;1.450383841;1051.311728;0.0001;36;15
term_gem_glass64_J-8_8_H0.0.dat;0.354318223;1.379990459;850.6944444;0.0001;36;15
term_gem_glass64_J22_4_H0.0.dat;0.368767042;1.393790364;711.8055556;0.0001;36;15
term_gem_glass64_J28_8_H0.0.dat;0.389381338;1.352799195;434.0277778;0.0001;36;15
term_gem_glass64_J-10_0_H0.0.dat;0.386833034;1.339405144;1937.5;0.0001;40;15
term_gem_glass64_J-4_2_H0.0.dat;0.395982631;1.339405144;962.5;0.0001;40;15
term_gem_glass64_J30_6_H0.0.dat;0.37082815;1.436023605;2704.6875;0.0001;40;15
term_gem_glass64_J60_5_H0.0.dat;0.443728291;1.1086791;962.5;0.0001;40;15
term_gem_glass64_J24_4_H0.0.dat;0.381446857;1.352799195;751.1337868;0.0001;42;15
term_gem_glass64_J2_4_H0.0.dat;0.392687664;1.274398036;1002.066116;0.0001;44;15
term_gem_glass64_J6_6_H0.0.dat;0.40329751;1.24928736;547.5206612;0.0001;44;15
term_gem_glass64_J22_0_H0.0.dat;0.397762278;1.224671464;793.9508507;0.0001;46;15
term_gem_glass64_J-22_0_H0.0.dat;0.368500638;1.407728267;781.25;0.0001;48;15
term_gem_glass64_J-28_7_H0.0.dat;0.389309866;1.407728267;1197.916667;0.0001;48;15
term_gem_glass64_J-48_3_H0.0.dat;0.363728596;1.450383841;597.8732639;0.0001;48;15
term_gem_glass64_J-64_7_H0.0.dat;0.379997979;1.326143707;203.9930556;0.0001;48;15
term_gem_glass64_J6_9_H0.0.dat;0.388350316;1.236918178;607.6388889;0.0001;48;15
term_gem_glass64_J-22_1_H0.0.dat;0.405456874;1.287142016;2962.372449;0.0001;56;15
term_gem_glass64_J-62_4_H0.0.dat;0.391477849;1.313013571;462.372449;0.0001;56;15
term_gem_glass64_J-16_8_H0.0.dat;0.384315473;1.352799195;641.6666667;0.0001;60;15
term_gem_glass64_J72_8_H0.0.dat;0.380455133;1.326143707;10822.91667;0.0001;60;15
term_gem_glass64_J-54_6_H0.0.dat;0.365930178;1.407728267;485.8398438;0.0001;64;15
term_gem_glass64_J0_6_H0.0.dat;0.393140744;1.436023605;2460.9375;0.0001;64;15
term_gem_glass64_J40_6_H0.0.dat;0.38731761;1.393790364;6423.339844;0.0001;64;15
term_gem_glass64_J44_1_H0.0.dat;0.386979465;1.261780234;625;0.0001;64;15
term_gem_glass64_J-52_9_H0.0.dat;0.353622698;1.479536557;528.0073462;0.0001;66;15
term_gem_glass64_J70_2_H0.0.dat;0.399221614;1.287142016;3888.888889;0.0001;66;15
term_gem_glass64_J-26_1_H0.0.dat;0.370383442;1.494331922;688.2569204;0.0001;68;15
term_gem_glass64_J-10_6_H0.0.dat;0.391867054;1.300013437;264.2746914;0.0001;72;15
term_gem_glass64_J-48_5_H0.0.dat;0.373775769;1.46488768;675.154321;0.0001;72;15
term_gem_glass64_J-54_8_H0.0.dat;0.375961897;1.42180555;1423.611111;0.0001;72;15
term_gem_glass64_J-42_4_H0.0.dat;0.404191493;1.165232876;428.9940828;0.0001;78;15
term_gem_glass64_J-2_6_H0.0.dat;0.393288178;1.42180555;1375;0.0001;80;15
term_gem_glass64_J2_1_H0.0.dat;0.389703838;1.509275241;2718.75;0.0001;80;15
term_gem_glass64_J36_0_H0.0.dat;0.389579325;1.393790364;962.5;0.0001;80;15
term_gem_glass64_J2_9_H0.0.dat;0.371486221;1.393790364;779.8327664;0.0001;84;15
term_gem_glass64_J58_9_H0.0.dat;0.364791843;1.450383841;1068.948413;0.0001;84;15
term_gem_glass64_J-26_6_H0.0.dat;0.377968635;1.313013571;1004.320988;0.0001;90;15
term_gem_glass64_J42_8_H0.0.dat;0.358872356;1.42180555;2230.246914;0.0001;90;15
term_gem_glass64_J-30_1_H0.0.dat;0.392546337;1.379990459;464.4097222;0.0001;96;15
term_gem_glass64_J-44_8_H0.0.dat;0.37832638;1.366327187;936.4149306;0.0001;96;15
term_gem_glass64_J18_9_H0.0.dat;0.399036994;1.339405144;1873.914931;0.0001;96;15
term_gem_glass64_J34_0_H0.0.dat;0.407129045;1.326143707;2408.854167;0.0001;96;15
term_gem_glass64_J58_8_H0.0.dat;0.359991294;1.494331922;1649.305556;0.0001;96;15
term_gem_glass64_J72_3_H0.0.dat;0.379709423;1.352799195;41610.24306;0.0001;96;15
term_gem_glass64_J46_8_H0.0.dat;0.366788438;1.407728267;15741.49408;0.0001;104;15
term_gem_glass64_J72_7_H0.0.dat;0.396691823;1.379990459;35338.01653;0.0001;110;15
term_gem_glass64_J8_3_H0.0.dat;0.37597486;1.366327187;3077.68595;0.0001;110;15
term_gem_glass64_J-44_5_H0.0.dat;0.385912817;1.379990459;465.5612245;0.0001;112;15
term_gem_glass64_J-26_8_H0.0.dat;0.363827216;1.539611674;1308.864266;0.0001;114;15
term_gem_glass64_J44_5_H0.0.dat;0.365162055;1.46488768;621.3541667;0.0001;120;15
term_gem_glass64_J4_6_H0.0.dat;0.385068801;1.339405144;907.0294785;0.0001;126;15
term_gem_glass64_J-60_7_H0.0.dat;0.370046389;1.479536557;1247.558594;0.0001;128;15
term_gem_glass64_J56_8_H0.0.dat;0.4065822;1.313013571;6369.519054;0.0001;132;15
term_gem_glass64_J12_6_H0.0.dat;0.390415395;1.379990459;1947.448097;0.0001;136;15
term_gem_glass64_J4_4_H0.0.dat;0.393236988;1.393790364;1812.372449;0.0001;140;15
term_gem_glass64_J-44_1_H0.0.dat;0.387784099;1.352799195;802.4201547;0.0001;142;15
term_gem_glass64_J58_7_H0.0.dat;0.378959273;1.42180555;3715.277778;0.0001;144;15
term_gem_glass64_J-4_4_H0.0.dat;0.421987345;1.326143707;410.751385;0.0001;152;15
term_gem_glass64_J-70_9_H0.0.dat;0.38306354;1.393790364;1119.286704;0.0001;152;15
term_gem_glass64_J62_3_H0.0.dat;0.388551069;1.379990459;12818.75;0.0001;160;15
term_gem_glass64_J50_3_H0.0.dat;0.378647685;1.42180555;9856.111192;0.0001;166;15
term_gem_glass64_J64_4_H0.0.dat;0.392570804;1.393790364;1261.692177;0.0001;168;15
term_gem_glass64_J0_0_H0.0.dat;0.393904841;1.352799195;1345.98338;0.0001;190;15
term_gem_glass64_J-40_1_H0.0.dat;0.399158071;1.326143707;388.1835938;0.0001;192;15
term_gem_glass64_J-60_0_H0.0.dat;0.397624017;1.366327187;1196.831597;0.0001;192;15
term_gem_glass64_J-68_3_H0.0.dat;0.394228285;1.555007791;485.8398438;0.0001;192;15
term_gem_glass64_J28_2_H0.0.dat;0.410145212;1.366327187;1633.379247;0.0001;198;15
term_gem_glass64_J6_4_H0.0.dat;0.397823846;1.379990459;2812.5;0.0001;200;15
term_gem_glass64_J-50_6_H0.0.dat;0.381901439;1.379990459;713.5202332;0.0001;216;15
term_gem_glass64_J-24_3_H0.0.dat;0.378937585;1.509275241;761.3201531;0.0001;224;15
term_gem_glass64_J-34_4_H0.0.dat;0.370493364;1.494331922;961.8055556;0.0001;240;15
term_gem_glass64_J-66_0_H0.0.dat;0.401835216;1.42180555;1228.993056;0.0001;240;15
term_gem_glass64_J-70_0_H0.0.dat;0.400060161;1.46488768;231.0763889;0.0001;240;15
term_gem_glass64_J26_4_H0.0.dat;0.372423126;1.42180555;1101.388889;0.0001;240;15
term_gem_glass64_J30_4_H0.0.dat;0.397615262;1.366327187;2695.683355;0.0001;242;15
term_gem_glass64_J-26_0_H0.0.dat;0.382585632;1.450383841;1230.827979;0.0001;252;15
term_gem_glass64_J0_7_H0.0.dat;0.370464652;1.509275241;1808.621117;0.0001;254;15
term_gem_glass64_J-76_1_H0.0.dat;0.385151532;1.366327187;453.4564692;0.0001;276;15
term_gem_glass64_J14_2_H0.0.dat;0.383370645;1.524367994;1456.404321;0.0001;288;15
term_gem_glass64_J60_3_H0.0.dat;0.38252748;1.339405144;7070.62637;0.0001;296;15
term_gem_glass64_J66_5_H0.0.dat;0.428947285;1.326143707;8759.522161;0.0001;304;15
term_gem_glass64_J66_8_H0.0.dat;0.393817525;1.42180555;4617.828613;0.0001;306;15
term_gem_glass64_J-66_1_H0.0.dat;0.38977804;1.407728267;485.70657;0.0001;322;15
term_gem_glass64_J70_3_H0.0.dat;0.391236913;1.479536557;2714.646465;0.0001;330;15
term_gem_glass64_J-12_4_H0.0.dat;0.394613286;1.407728267;2211.947279;0.0001;336;15
term_gem_glass64_J32_8_H0.0.dat;0.401411831;1.352799195;12045.04588;0.0001;336;15
term_gem_glass64_J6_3_H0.0.dat;0.38816634;1.393790364;1306.335034;0.0001;336;15
term_gem_glass64_J64_1_H0.0.dat;0.391012975;1.366327187;13247.65544;0.0001;352;15
term_gem_glass64_J-72_9_H0.0.dat;0.412051116;1.339405144;876.0802469;0.0001;360;15
term_gem_glass64_J38_6_H0.0.dat;0.382819664;1.494331922;2167.746914;0.0001;360;15
term_gem_glass64_J-30_9_H0.0.dat;0.403324581;1.407728267;1159.65765;0.0001;364;15
term_gem_glass64_J58_4_H0.0.dat;0.39053762;1.407728267;1749.354698;0.0001;364;15
term_gem_glass64_J50_4_H0.0.dat;0.402028695;1.479536557;1495.862188;0.0001;380;15
term_gem_glass64_J48_5_H0.0.dat;0.382657413;1.407728267;4900;0.0001;400;15
term_gem_glass64_J-38_6_H0.0.dat;0.411503289;1.379990459;1017.989053;0.0001;424;15
term_gem_glass64_J62_6_H0.0.dat;0.388644096;1.450383841;11308.6524;0.0001;444;15
term_gem_glass64_J12_9_H0.0.dat;0.383486112;1.494331922;3741.20983;0.0001;460;15
term_gem_glass64_J26_7_H0.0.dat;0.398271843;1.339405144;1187.016944;0.0001;464;15
term_gem_glass64_J38_8_H0.0.dat;0.386907248;1.586263447;6229.56302;0.0001;464;15
term_gem_glass64_J-78_5_H0.0.dat;0.398790616;1.450383841;437.109375;0.0001;480;15
term_gem_glass64_J4_0_H0.0.dat;0.393880097;1.42180555;2464.832899;0.0001;480;15
term_gem_glass64_J16_5_H0.0.dat;0.394250246;1.436023605;5044.475089;0.0001;498;15
term_gem_glass64_J76_7_H0.0.dat;0.387485938;1.479536557;25266.5;0.0001;600;15
term_gem_glass64_J74_2_H0.0.dat;0.394265305;1.479536557;9174.469488;0.0001;612;15
term_gem_glass64_J42_4_H0.0.dat;0.418284153;1.326143707;11383.98153;0.0001;620;15
term_gem_glass64_J-46_1_H0.0.dat;0.380270019;1.46488768;670.6082258;0.0001;634;15
term_gem_glass64_J54_5_H0.0.dat;0.395768334;1.379990459;3519.921875;0.0001;640;15
term_gem_glass64_J-68_9_H0.0.dat;0.39577422;1.436023605;1103.514137;0.0001;648;15
term_gem_glass64_J-62_7_H0.0.dat;0.382844483;1.479536557;762.4238605;0.0001;690;15
term_gem_glass64_J76_0_H0.0.dat;0.39464113;1.450383841;8474.282509;0.0001;704;15
term_gem_glass64_J0_9_H0.0.dat;0.391917624;1.479536557;1709.986775;0.0001;746;15
term_gem_glass64_J-10_2_H0.0.dat;0.388744816;1.555007791;1494.535335;0.0001;770;15
term_gem_glass64_J-52_0_H0.0.dat;0.397055846;1.436023605;1044.670319;0.0001;816;15
term_gem_glass64_J-58_1_H0.0.dat;0.395015338;1.436023605;1026.967953;0.0001;872;15
term_gem_glass64_J36_8_H0.0.dat;0.391113315;1.494331922;2976.639979;0.0001;880;15
term_gem_glass64_J28_9_H0.0.dat;0.389209408;1.436023605;2012.138828;0.0001;888;15
term_gem_glass64_J-42_5_H0.0.dat;0.39691052;1.479536557;1471.702832;0.0001;912;15
term_gem_glass64_J-24_1_H0.0.dat;0.391889124;1.46488768;1339.965984;0.0001;1048;15
term_gem_glass64_J80_1_H0.0.dat;0.388447918;1.436023605;29955.16118;0.0001;1080;15
term_gem_glass64_J-56_1_H0.0.dat;0.377825974;1.436023605;1362.363146;0.0001;1104;15
term_gem_glass64_J-14_3_H0.0.dat;0.410959777;1.46488768;699.9282526;0.0001;1120;15
term_gem_glass64_J-70_5_H0.0.dat;0.371172426;1.524367994;630.1085207;0.0001;1128;15
term_gem_glass64_J66_3_H0.0.dat;0.40855811;1.479536557;8587.989161;0.0001;1128;15
term_gem_glass64_J36_7_H0.0.dat;0.409914312;1.524367994;8480.267269;0.0001;1242;15
term_gem_glass64_J48_9_H0.0.dat;0.389939848;1.509275241;4650.728202;0.0001;1296;15
term_gem_glass64_J-38_9_H0.0.dat;0.393370382;1.570557868;927.7850925;0.0001;1302;15
term_gem_glass64_J8_4_H0.0.dat;0.394949445;1.539611674;2901.115002;0.0001;1328;15
term_gem_glass64_J0_3_H0.0.dat;0.407031626;1.479536557;2989.986359;0.0001;1344;15
term_gem_glass64_J2_7_H0.0.dat;0.401235514;1.524367994;5736.723765;0.0001;1362;15
term_gem_glass64_J-24_5_H0.0.dat;0.389221481;1.509275241;1510.81;0.0001;1500;15
term_gem_glass64_J-64_5_H0.0.dat;0.401200222;1.509275241;776.9710681;0.0001;1692;15
term_gem_glass64_J-46_7_H0.0.dat;0.407538443;1.436023605;949.0624493;0.0001;1776;15
term_gem_glass64_J10_6_H0.0.dat;0.41227035;1.436023605;1206.067306;0.0001;1796;15
term_gem_glass64_J-16_9_H0.0.dat;0.41169304;1.494331922;3596.03892;0.0001;1806;15
term_gem_glass64_J12_0_H0.0.dat;0.394248434;1.479536557;4018.436718;0.0001;1914;15
term_gem_glass64_J-60_9_H0.0.dat;0.394787503;1.509275241;1164.601934;0.0001;2004;15
term_gem_glass64_J60_9_H0.0.dat;0.407449395;1.524367994;7439.571784;0.0001;2376;15
term_gem_glass64_J52_9_H0.0.dat;0.394397932;1.555007791;15124.9566;0.0001;3360;15
term_gem_glass64_J50_8_H0.0.dat;0.394120738;1.509275241;10220.07888;0.0001;4198;15
term_gem_glass64_J-34_5_H0.0.dat;0.398457923;1.586263447;1564.911749;0.0001;7184;15
term_gem_glass64_J46_7_H0.0.dat;0.398305734;1.586263447;8092.077487;0.0001;8976;15
term_gem_glass64_J-38_8_H0.0.dat;0.337356107;1.436023605;156.25;0.0001;4;16
term_gem_glass64_J34_8_H0.0.dat;0.368058983;1.212546004;312.5;0.0001;8;16
term_gem_glass64_J-2_5_H0.0.dat;0.365063529;1.393790364;1562.5;0.0001;16;16
term_gem_glass64_J40_4_H0.0.dat;0.345315469;1.407728267;312.5;0.0001;16;16
term_gem_glass64_J8_6_H0.0.dat;0.35821846;1.165232876;898.4375;0.0001;16;16
term_gem_glass64_J16_3_H0.0.dat;0.351552603;1.200540598;6806.25;0.0001;20;16
term_gem_glass64_J-6_6_H0.0.dat;0.364059502;1.261780234;572.9166667;0.0001;24;16
term_gem_glass64_J20_3_H0.0.dat;0.367119295;1.261780234;781.25;0.0001;24;16
term_gem_glass64_J-16_3_H0.0.dat;0.397947088;0.97415486;487.8826531;0.0001;28;16
term_gem_glass64_J36_4_H0.0.dat;0.359101493;1.300013437;2566.666667;0.0001;30;16
term_gem_glass64_J-44_9_H0.0.dat;0.360988455;1.274398036;849.609375;0.0001;32;16
term_gem_glass64_J66_0_H0.0.dat;0.35015986;1.261780234;1367.1875;0.0001;32;16
term_gem_glass64_J8_9_H0.0.dat;0.366726616;1.13096355;3037.109375;0.0001;32;16
term_gem_glass64_J4_5_H0.0.dat;0.345809893;1.300013437;1462.5;0.0001;40;16
term_gem_glass64_J-28_2_H0.0.dat;0.375635967;1.200540598;412.3263889;0.0001;48;16
term_gem_glass64_J-30_4_H0.0.dat;0.394713553;1.200540598;724.8263889;0.0001;48;16
term_gem_glass64_J6_1_H0.0.dat;0.387808926;1.212546004;384.9583829;0.0001;58;16
term_gem_glass64_J-24_0_H0.0.dat;0.355103708;1.313013571;876.4648438;0.0001;64;16
term_gem_glass64_J42_7_H0.0.dat;0.340483429;1.479536557;1875;0.0001;64;16
term_gem_glass64_J52_2_H0.0.dat;0.354014171;1.352799195;625;0.0001;64;16
term_gem_glass64_J58_3_H0.0.dat;0.360337341;1.274398036;3476.530612;0.0001;70;16
term_gem_glass64_J-52_5_H0.0.dat;0.359252965;1.479536557;607.6388889;0.0001;96;16
term_gem_glass64_J30_5_H0.0.dat;0.365771391;1.313013571;1909.722222;0.0001;96;16
term_gem_glass64_J40_3_H0.0.dat;0.356221614;1.261780234;9461.805556;0.0001;96;16
term_gem_glass64_J68_3_H0.0.dat;0.359434386;1.274398036;1649.305556;0.0001;96;16
term_gem_glass64_J-12_9_H0.0.dat;0.369525571;1.300013437;1363.888889;0.0001;120;16
term_gem_glass64_J-6_9_H0.0.dat;0.385191598;1.188654057;436.8055556;0.0001;120;16
term_gem_glass64_J-58_3_H0.0.dat;0.382213008;1.200540598;494.4393861;0.0001;124;16
term_gem_glass64_J-24_4_H0.0.dat;0.349574076;1.436023605;458.984375;0.0001;128;16
term_gem_glass64_J-68_0_H0.0.dat;0.368958429;1.393790364;336.3037109;0.0001;128;16
term_gem_glass64_J34_2_H0.0.dat;0.379550936;1.212546004;603.0273438;0.0001;128;16
term_gem_glass64_J-22_6_H0.0.dat;0.374052503;1.212546004;1082.396194;0.0001;136;16
term_gem_glass64_J2_5_H0.0.dat;0.371636263;1.339405144;648.0867347;0.0001;140;16
term_gem_glass64_J56_6_H0.0.dat;0.342656128;1.366327187;1555.742908;0.0001;142;16
term_gem_glass64_J66_4_H0.0.dat;0.365731003;1.450383841;3259.548611;0.0001;144;16
term_gem_glass64_J-54_9_H0.0.dat;0.376756089;1.300013437;399.3333333;0.0001;150;16
term_gem_glass64_J10_2_H0.0.dat;0.346733231;1.407728267;3249.609375;0.0001;160;16
term_gem_glass64_J6_0_H0.0.dat;0.364656758;1.339405144;1694.025134;0.0001;164;16
term_gem_glass64_J-14_9_H0.0.dat;0.373185276;1.326143707;646.9524793;0.0001;176;16
term_gem_glass64_J12_8_H0.0.dat;0.381099961;1.339405144;1472.916667;0.0001;180;16
term_gem_glass64_J54_2_H0.0.dat;0.378402968;1.326143707;7863.865932;0.0001;198;16
term_gem_glass64_J38_4_H0.0.dat;0.367599513;1.352799195;2116.5;0.0001;200;16
term_gem_glass64_J-14_0_H0.0.dat;0.380196175;1.287142016;2142.196746;0.0001;208;16
term_gem_glass64_J34_4_H0.0.dat;0.37261469;1.352799195;2280.880178;0.0001;208;16
term_gem_glass64_J-12_1_H0.0.dat;0.367534517;1.339405144;1306.25;0.0001;220;16
term_gem_glass64_J-42_6_H0.0.dat;0.382514873;1.326143707;824.1735537;0.0001;220;16
term_gem_glass64_J34_9_H0.0.dat;0.362954514;1.366327187;2628.071834;0.0001;230;16
term_gem_glass64_J20_7_H0.0.dat;0.357976999;1.393790364;604.9565344;0.0001;234;16
term_gem_glass64_J54_3_H0.0.dat;0.365987933;1.352799195;4029.123264;0.0001;240;16
term_gem_glass64_J-34_9_H0.0.dat;0.353721522;1.450383841;924.8185972;0.0001;244;16
term_gem_glass64_J52_1_H0.0.dat;0.361594381;1.366327187;2882.460837;0.0001;246;16
term_gem_glass64_J22_8_H0.0.dat;0.363786145;1.313013571;2617.1875;0.0001;256;16
term_gem_glass64_J-46_2_H0.0.dat;0.355737927;1.450383841;1099.888889;0.0001;300;16
term_gem_glass64_J62_9_H0.0.dat;0.374269636;1.274398036;4369.975042;0.0001;324;16
term_gem_glass64_J-30_5_H0.0.dat;0.38267219;1.352799195;1261.692177;0.0001;336;16
term_gem_glass64_J28_1_H0.0.dat;0.361801678;1.42180555;1378.501077;0.0001;342;16
term_gem_glass64_J4_8_H0.0.dat;0.353190337;1.379990459;1278.974044;0.0001;352;16
term_gem_glass64_J-72_2_H0.0.dat;0.365282642;1.42180555;396.5053763;0.0001;372;16
term_gem_glass64_J-54_4_H0.0.dat;0.364745288;1.352799195;1455.010308;0.0001;384;16
term_gem_glass64_J46_1_H0.0.dat;0.370537548;1.287142016;8517.064341;0.0001;394;16
term_gem_glass64_J34_5_H0.0.dat;0.351417352;1.300013437;3766.9375;0.0001;400;16
term_gem_glass64_J-20_0_H0.0.dat;0.355203482;1.366327187;2560.789571;0.0001;416;16
term_gem_glass64_J-2_8_H0.0.dat;0.355869203;1.393790364;2358.289931;0.0001;480;16
term_gem_glass64_J14_5_H0.0.dat;0.36730227;1.393790364;2124.956597;0.0001;480;16
term_gem_glass64_J-40_7_H0.0.dat;0.364317369;1.366327187;1593.356935;0.0001;490;16
term_gem_glass64_J-20_8_H0.0.dat;0.363504067;1.300013437;581.0591713;0.0001;528;16
term_gem_glass64_J42_9_H0.0.dat;0.379296048;1.339405144;2738.290822;0.0001;536;16
term_gem_glass64_J10_8_H0.0.dat;0.384521136;1.339405144;9480.932785;0.0001;540;16
term_gem_glass64_J38_3_H0.0.dat;0.372709245;1.366327187;4599.609375;0.0001;576;16
term_gem_glass64_J62_5_H0.0.dat;0.359568902;1.509275241;3651.842114;0.0001;588;16
term_gem_glass64_J42_0_H0.0.dat;0.354635539;1.46488768;4394.801766;0.0001;608;16
term_gem_glass64_J14_7_H0.0.dat;0.397808203;1.274398036;2347.558594;0.0001;640;16
term_gem_glass64_J-14_8_H0.0.dat;0.375395378;1.352799195;1189.90171;0.0001;654;16
term_gem_glass64_J30_2_H0.0.dat;0.387588691;1.326143707;2615.152746;0.0001;662;16
term_gem_glass64_J2_2_H0.0.dat;0.360282673;1.436023605;633.8969683;0.0001;684;16
term_gem_glass64_J-30_6_H0.0.dat;0.391074932;1.200540598;2693.066327;0.0001;700;16
term_gem_glass64_J50_0_H0.0.dat;0.370670593;1.393790364;14175.04135;0.0001;716;16
term_gem_glass64_J-4_5_H0.0.dat;0.366644787;1.274398036;3125.340505;0.0001;722;16
term_gem_glass64_J-34_3_H0.0.dat;0.364602951;1.352799195;2341.896457;0.0001;740;16
term_gem_glass64_J-52_6_H0.0.dat;0.378642305;1.436023605;728.6774276;0.0001;752;16
term_gem_glass64_J-36_4_H0.0.dat;0.376983291;1.339405144;1015.717456;0.0001;780;16
term_gem_glass64_J-14_6_H0.0.dat;0.385481993;1.313013571;1075.671488;0.0001;792;16
term_gem_glass64_J-64_4_H0.0.dat;0.373550273;1.436023605;330.3174736;0.0001;804;16
term_gem_glass64_J56_3_H0.0.dat;0.367163604;1.436023605;8856.023243;0.0001;840;16
term_gem_glass64_J-6_8_H0.0.dat;0.396568827;1.366327187;796.745456;0.0001;896;16
term_gem_glass64_J-36_6_H0.0.dat;0.364978326;1.379990459;1350.457028;0.0001;936;16
term_gem_glass64_J14_3_H0.0.dat;0.380815678;1.379990459;4525.083438;0.0001;936;16
term_gem_glass64_J-4_0_H0.0.dat;0.365668329;1.46488768;2630.739796;0.0001;1008;16
term_gem_glass64_J-8_5_H0.0.dat;0.380400765;1.46488768;587.9807692;0.0001;1040;16
term_gem_glass64_J8_5_H0.0.dat;0.374498481;1.379990459;1322.831127;0.0001;1052;16
term_gem_glass64_J-68_1_H0.0.dat;0.376039801;1.46488768;544.4268681;0.0001;1056;16
term_gem_glass64_J-4_7_H0.0.dat;0.353409964;1.509275241;3270.842344;0.0001;1088;16
term_gem_glass64_J-18_7_H0.0.dat;0.375617475;1.494331922;974.8903813;0.0001;1176;16
term_gem_glass64_J-52_2_H0.0.dat;0.362895379;1.436023605;1145.741826;0.0001;1190;16
term_gem_glass64_J-32_9_H0.0.dat;0.370948209;1.450383841;412.0699666;0.0001;1328;16
term_gem_glass64_J-8_0_H0.0.dat;0.362964431;1.42180555;2008.896318;0.0001;1398;16
term_gem_glass64_J-38_3_H0.0.dat;0.366134215;1.407728267;705.6098736;0.0001;1406;16
term_gem_glass64_J-10_4_H0.0.dat;0.367730426;1.494331922;1469.380427;0.0001;1472;16
term_gem_glass64_J16_7_H0.0.dat;0.370807491;1.46488768;7315.098984;0.0001;1474;16
term_gem_glass64_J38_5_H0.0.dat;0.351117353;1.46488768;10557.3789;0.0001;1504;16
term_gem_glass64_J60_8_H0.0.dat;0.354654903;1.586263447;5167.46384;0.0001;1560;16
term_gem_glass64_J54_9_H0.0.dat;0.368168653;1.450383841;15498.29422;0.0001;1636;16
term_gem_glass64_J40_5_H0.0.dat;0.373190874;1.46488768;5310.722866;0.0001;1670;16
term_gem_glass64_J22_2_H0.0.dat;0.33863002;1.634328816;3303.674653;0.0001;1672;16
term_gem_glass64_J40_1_H0.0.dat;0.374459465;1.436023605;2189.667143;0.0001;1890;16
term_gem_glass64_J28_7_H0.0.dat;0.356234561;1.539611674;10697.4775;0.0001;2000;16
term_gem_glass64_J62_4_H0.0.dat;0.358252086;1.509275241;25849.66421;0.0001;2048;16
term_gem_glass64_J-74_1_H0.0.dat;0.379473394;1.407728267;775.2572891;0.0001;2452;16
term_gem_glass64_J68_9_H0.0.dat;0.359049644;1.524367994;12512.74957;0.0001;2504;16
term_gem_glass64_J-58_6_H0.0.dat;0.375249537;1.42180555;1542.74028;0.0001;3164;16
term_gem_glass64_J-8_2_H0.0.dat;0.384947597;1.450383841;2707.020324;0.0001;3456;16
term_gem_glass64_J-36_1_H0.0.dat;0.372070223;1.494331922;1549.921298;0.0001;3494;16
term_gem_glass64_J-56_8_H0.0.dat;0.37818762;1.46488768;1121.160948;0.0001;3510;16
term_gem_glass64_J-18_4_H0.0.dat;0.38667671;1.46488768;1934.657656;0.0001;3960;16
term_gem_glass64_J58_0_H0.0.dat;0.361246033;1.509275241;6953.494501;0.0001;4088;16
term_gem_glass64_J-68_2_H0.0.dat;0.369150193;1.494331922;1005.060518;0.0001;5472;16
term_gem_glass64_J-2_9_H0.0.dat;0.385314095;1.42180555;5132.418116;0.0001;5538;16
term_gem_glass64_J-10_8_H0.0.dat;0.378145798;1.555007791;996.3062657;0.0001;16218;16
term_gem_glass64_J-20_5_H0.0.dat;0.341047763;1.165232876;788.8888889;0.0001;30;17
term_gem_glass64_J-38_7_H0.0.dat;0.365818357;1.236918178;288.8888889;0.0001;30;17
term_gem_glass64_J-44_6_H0.0.dat;0.350576006;1.212546004;931.25;0.0001;40;17
term_gem_glass64_J16_4_H0.0.dat;0.337875822;1.326143707;3437.5;0.0001;40;17
term_gem_glass64_J14_8_H0.0.dat;0.350345412;1.119765891;703.7706612;0.0001;44;17
term_gem_glass64_J-18_5_H0.0.dat;0.359223882;1.24928736;925.980975;0.0001;58;17
term_gem_glass64_J38_2_H0.0.dat;0.358360031;1.142273185;3193.359375;0.0001;64;17
term_gem_glass64_J22_3_H0.0.dat;0.342528224;1.153695917;846.3541667;0.0001;96;17
term_gem_glass64_J-32_2_H0.0.dat;0.3410759;1.326143707;711.8055556;0.0001;108;17
term_gem_glass64_J10_1_H0.0.dat;0.337121374;1.313013571;3637.782402;0.0001;116;17
term_gem_glass64_J-18_3_H0.0.dat;0.350249601;1.065418823;531.0763889;0.0001;120;17
term_gem_glass64_J-24_8_H0.0.dat;0.349175135;1.176885205;694.7515609;0.0001;124;17
term_gem_glass64_J-30_2_H0.0.dat;0.368291165;1.13096355;1202.246094;0.0001;160;17
term_gem_glass64_J20_0_H0.0.dat;0.343747041;1.287142016;1063.633787;0.0001;168;17
term_gem_glass64_J-22_2_H0.0.dat;0.330835052;1.407728267;1697.608025;0.0001;180;17
term_gem_glass64_J32_3_H0.0.dat;0.33840397;1.274398036;7825.520833;0.0001;192;17
term_gem_glass64_J20_6_H0.0.dat;0.348947662;1.300013437;1600.25;0.0001;200;17
term_gem_glass64_J-32_8_H0.0.dat;0.355336423;1.274398036;800.6078957;0.0001;208;17
term_gem_glass64_J-6_4_H0.0.dat;0.349106971;1.287142016;1441.383136;0.0001;208;17
term_gem_glass64_J0_2_H0.0.dat;0.341269481;1.24928736;1440.816327;0.0001;210;17
term_gem_glass64_J-12_2_H0.0.dat;0.349619109;1.24928736;1057.527435;0.0001;216;17
term_gem_glass64_J30_0_H0.0.dat;0.35363725;1.393790364;3285.416667;0.0001;240;17
term_gem_glass64_J-20_4_H0.0.dat;0.360380263;1.200540598;2357.245057;0.0001;248;17
term_gem_glass64_J24_6_H0.0.dat;0.361489216;1.24928736;1893.148463;0.0001;252;17
term_gem_glass64_J-22_9_H0.0.dat;0.350739283;1.212546004;1002.460686;0.0001;264;17
term_gem_glass64_J48_8_H0.0.dat;0.364001805;1.200540598;4756.940577;0.0001;268;17
term_gem_glass64_J20_4_H0.0.dat;0.358037294;1.300013437;790.9922246;0.0001;286;17
term_gem_glass64_J18_5_H0.0.dat;0.335894535;1.366327187;885.4166667;0.0001;288;17
term_gem_glass64_J38_0_H0.0.dat;0.343374976;1.274398036;5005.859375;0.0001;320;17
term_gem_glass64_J20_5_H0.0.dat;0.364529713;1.212546004;1474.997046;0.0001;368;17
term_gem_glass64_J-16_6_H0.0.dat;0.355240017;1.300013437;1180.555556;0.0001;384;17
term_gem_glass64_J20_8_H0.0.dat;0.35260833;1.200540598;2473.890516;0.0001;384;17
term_gem_glass64_J22_9_H0.0.dat;0.35653289;1.326143707;1003.081597;0.0001;480;17
term_gem_glass64_J-62_9_H0.0.dat;0.340584531;1.393790364;545.3293776;0.0001;494;17
term_gem_glass64_J12_1_H0.0.dat;0.335433603;1.509275241;2103.557822;0.0001;576;17
term_gem_glass64_J48_4_H0.0.dat;0.351141456;1.366327187;4402.006173;0.0001;576;17
term_gem_glass64_J-50_2_H0.0.dat;0.358835597;1.313013571;567.6780353;0.0001;584;17
term_gem_glass64_J-2_2_H0.0.dat;0.350925147;1.326143707;643.1473703;0.0001;592;17
term_gem_glass64_J-42_3_H0.0.dat;0.343822422;1.393790364;1756.499954;0.0001;592;17
term_gem_glass64_J-38_2_H0.0.dat;0.344598656;1.366327187;483.0061894;0.0001;608;17
term_gem_glass64_J-28_1_H0.0.dat;0.382110036;1.261780234;1095.121022;0.0001;656;17
term_gem_glass64_J0_4_H0.0.dat;0.367277463;1.326143707;2265.891873;0.0001;660;17
term_gem_glass64_J-50_3_H0.0.dat;0.345470475;1.339405144;1269.673173;0.0001;696;17
term_gem_glass64_J-34_0_H0.0.dat;0.333881468;1.450383841;747.8010204;0.0001;700;17
term_gem_glass64_J18_3_H0.0.dat;0.369193985;1.165232876;3590.847338;0.0001;708;17
term_gem_glass64_J16_2_H0.0.dat;0.336435033;1.393790364;2883.86852;0.0001;716;17
term_gem_glass64_J4_9_H0.0.dat;0.367994739;1.200540598;2290.808308;0.0001;738;17
term_gem_glass64_J-16_7_H0.0.dat;0.361680312;1.313013571;2226.32973;0.0001;762;17
term_gem_glass64_J50_7_H0.0.dat;0.381803325;1.200540598;7693.187036;0.0001;764;17
term_gem_glass64_J36_2_H0.0.dat;0.327960288;1.436023605;1302.066379;0.0001;768;17
term_gem_glass64_J-2_7_H0.0.dat;0.361082352;1.313013571;3014.281073;0.0001;920;17
term_gem_glass64_J-40_2_H0.0.dat;0.350297431;1.300013437;1975.358405;0.0001;948;17
term_gem_glass64_J50_5_H0.0.dat;0.347284612;1.313013571;6423.979592;0.0001;980;17
term_gem_glass64_J48_6_H0.0.dat;0.354172529;1.236918178;7057.549102;0.0001;992;17
term_gem_glass64_J-42_9_H0.0.dat;0.359288274;1.313013571;673.9681197;0.0001;1006;17
term_gem_glass64_J-2_1_H0.0.dat;0.328300875;1.407728267;1170.897144;0.0001;1224;17
term_gem_glass64_J-36_5_H0.0.dat;0.349449623;1.326143707;1032.779038;0.0001;1260;17
term_gem_glass64_J-16_2_H0.0.dat;0.368625168;1.300013437;2785.336537;0.0001;1374;17
term_gem_glass64_J-20_3_H0.0.dat;0.34377737;1.42180555;872.0195128;0.0001;1486;17
term_gem_glass64_J26_2_H0.0.dat;0.343302857;1.42180555;9399.681091;0.0001;1536;17
term_gem_glass64_J24_2_H0.0.dat;0.358352158;1.313013571;1774.450362;0.0001;1548;17
term_gem_glass64_J14_6_H0.0.dat;0.374167202;1.274398036;858.7291093;0.0001;1650;17
term_gem_glass64_J0_8_H0.0.dat;0.37023617;1.287142016;2877.919591;0.0001;1674;17
term_gem_glass64_J-44_0_H0.0.dat;0.368658137;1.300013437;1539.123687;0.0001;1696;17
term_gem_glass64_J38_1_H0.0.dat;0.36798039;1.287142016;5406.217618;0.0001;1754;17
term_gem_glass64_J66_9_H0.0.dat;0.34589275;1.393790364;10991.30719;0.0001;1812;17
term_gem_glass64_J32_7_H0.0.dat;0.365158081;1.436023605;3700.640364;0.0001;2072;17
term_gem_glass64_J34_3_H0.0.dat;0.344916491;1.313013571;4203.393121;0.0001;2080;17
term_gem_glass64_J-14_7_H0.0.dat;0.371056513;1.274398036;1882.768239;0.0001;2232;17
term_gem_glass64_J10_9_H0.0.dat;0.360817758;1.393790364;1403.792684;0.0001;2268;17
term_gem_glass64_J56_5_H0.0.dat;0.361128203;1.407728267;7045.969957;0.0001;2532;17
term_gem_glass64_J-28_6_H0.0.dat;0.348121882;1.352799195;1586.511362;0.0001;2544;17
term_gem_glass64_J-16_5_H0.0.dat;0.360795568;1.339405144;1334.107193;0.0001;2664;17
term_gem_glass64_J-40_5_H0.0.dat;0.368356402;1.300013437;888.7270185;0.0001;2768;17
term_gem_glass64_J32_5_H0.0.dat;0.334547236;1.509275241;4639.77389;0.0001;3144;17
term_gem_glass64_J-44_7_H0.0.dat;0.355057203;1.352799195;2070.111264;0.0001;3372;17
term_gem_glass64_J16_1_H0.0.dat;0.361000978;1.339405144;1286.276846;0.0001;3468;17
term_gem_glass64_J26_9_H0.0.dat;0.359136825;1.393790364;4048.404558;0.0001;3560;17
term_gem_glass64_J-4_9_H0.0.dat;0.357154075;1.300013437;2053.727102;0.0001;3592;17
term_gem_glass64_J-8_4_H0.0.dat;0.372933994;1.366327187;1269.028224;0.0001;3866;17
term_gem_glass64_J-58_8_H0.0.dat;0.335302579;1.479536557;1045.495253;0.0001;5252;17
term_gem_glass64_J2_6_H0.0.dat;0.352061437;1.366327187;1715.604321;0.0001;5408;17
term_gem_glass64_J54_4_H0.0.dat;0.34899721;1.436023605;7685.291427;0.0001;5856;17
term_gem_glass64_J52_6_H0.0.dat;0.348407;1.494331922;14586.31625;0.0001;6534;17
term_gem_glass64_J-46_5_H0.0.dat;0.346317592;1.379990459;910.5970554;0.0001;6760;17
term_gem_glass64_J-34_7_H0.0.dat;0.365297464;1.450383841;1651.848401;0.0001;8672;17
term_gem_glass64_J34_7_H0.0.dat;0.359842063;1.509275241;7088.619946;0.0001;9476;17
term_gem_glass64_J56_7_H0.0.dat;0.344871944;1.494331922;20204.6856;0.0001;11328;17
term_gem_glass64_J60_1_H0.0.dat;0.348390551;1.555007791;12399.18796;0.0001;23016;17
term_gem_glass64_J68_1_H0.0.dat;0.364872028;1.586263447;6930.884903;0.0001;61288;17
term_gem_glass64_J-4_3_H0.0.dat;0.317505482;1.212546004;1523.4375;0.0001;48;18
term_gem_glass64_J44_7_H0.0.dat;0.313269412;1.224671464;2760.416667;0.0001;48;18
term_gem_glass64_J-6_0_H0.0.dat;0.319156644;1.086833742;759.9914966;0.0001;84;18
term_gem_glass64_J-40_3_H0.0.dat;0.33338977;1.1086791;948.591821;0.0001;144;18
term_gem_glass64_J4_1_H0.0.dat;0.312871695;1.261780234;370.0617284;0.0001;180;18
term_gem_glass64_J38_7_H0.0.dat;0.34046428;1.076073012;5472.784777;0.0001;196;18
term_gem_glass64_J24_9_H0.0.dat;0.320061227;1.339405144;7403.393864;0.0001;462;18
term_gem_glass64_J-28_0_H0.0.dat;0.333867146;1.165232876;869.1184807;0.0001;504;18
term_gem_glass64_J-18_2_H0.0.dat;0.344775216;1.054870122;2403.410664;0.0001;636;18
term_gem_glass64_J-28_9_H0.0.dat;0.329177636;1.224671464;858.0133309;0.0001;678;18
term_gem_glass64_J28_4_H0.0.dat;0.349176089;1.165232876;3269.475682;0.0001;816;18
term_gem_glass64_J-16_1_H0.0.dat;0.358242598;1.054870122;1333.471074;0.0001;880;18
term_gem_glass64_J12_5_H0.0.dat;0.340011677;1.236918178;3610.200855;0.0001;1028;18
term_gem_glass64_J-40_4_H0.0.dat;0.345288583;1.212546004;965.569161;0.0001;1050;18
term_gem_glass64_J0_5_H0.0.dat;0.330025577;1.287142016;1504.760484;0.0001;1192;18
term_gem_glass64_J2_8_H0.0.dat;0.334136137;1.287142016;1223.928193;0.0001;1728;18
term_gem_glass64_J-30_0_H0.0.dat;0.360305915;1.200540598;1845.626646;0.0001;2736;18
term_gem_glass64_J28_0_H0.0.dat;0.332787676;1.300013437;2689.082649;0.0001;2742;18
term_gem_glass64_J-12_6_H0.0.dat;0.336432569;1.212546004;1383.507563;0.0001;2744;18
term_gem_glass64_J-4_1_H0.0.dat;0.347456723;1.274398036;2147.360145;0.0001;3464;18
term_gem_glass64_J24_7_H0.0.dat;0.336258407;1.224671464;1896.303151;0.0001;3612;18
term_gem_glass64_J-32_4_H0.0.dat;0.336466212;1.352799195;2687.540689;0.0001;4112;18
term_gem_glass64_J32_6_H0.0.dat;0.337684275;1.287142016;5325.11032;0.0001;4356;18
term_gem_glass64_J-52_3_H0.0.dat;0.336287569;1.274398036;1358.496136;0.0001;4602;18
term_gem_glass64_J-6_1_H0.0.dat;0.337951537;1.352799195;3065.628793;0.0001;4672;18
term_gem_glass64_J-4_6_H0.0.dat;0.335427221;1.326143707;2109.830709;0.0001;4832;18
term_gem_glass64_J-20_9_H0.0.dat;0.350267122;1.313013571;2174.001327;0.0001;4980;18
term_gem_glass64_J-64_8_H0.0.dat;0.33991666;1.379990459;669.0853469;0.0001;7974;18
term_gem_glass64_J-14_5_H0.0.dat;0.352521748;1.313013571;1807.178002;0.0001;9024;18
term_gem_glass64_J-60_6_H0.0.dat;0.345090723;1.393790364;826.4218593;0.0001;9072;18
term_gem_glass64_J0_1_H0.0.dat;0.338502695;1.393790364;2593.458045;0.0001;12032;18
term_gem_glass64_J-12_0_H0.0.dat;0.343693967;1.379990459;1412.197245;0.0001;19256;18
term_gem_glass64_J28_3_H0.0.dat;0.346364429;1.42180555;4786.580935;0.0001;20196;18
term_gem_glass64_J28_6_H0.0.dat;0.346183938;1.450383841;4428.435247;0.0001;31688;18
term_gem_glass64_J50_1_H0.0.dat;0.347999739;1.42180555;11457.40143;0.0001;47486;18
term_gem_glass64_J-48_2_H0.0.dat;0.35700448;1.450383841;986.5256059;0.0001;57206;18
term_gem_glass64_J12_7_H0.0.dat;0.308154481;1.212546004;4625.360154;0.0001;684;19
term_gem_glass64_J-38_4_H0.0.dat;0.349839448;1.044425863;1440.266447;0.0001;2644;19
term_gem_glass64_J54_0_H0.0.dat;0.294715048;1.407728267;8678.531163;0.0001;3296;19
term_gem_glass64_J8_2_H0.0.dat;0.311885718;1.287142016;6212.121244;0.0001;4360;19
term_gem_glass64_J26_8_H0.0.dat;0.319054486;1.224671464;6030.947757;0.0001;5300;19
term_gem_glass64_J-44_2_H0.0.dat;0.32669487;1.287142016;1814.795525;0.0001;8640;19
term_gem_glass64_J6_7_H0.0.dat;0.324288611;1.366327187;2103.856152;0.0001;14680;19
term_gem_glass64_J64_2_H0.0.dat;0.329775113;1.339405144;15267.86613;0.0001;18142;19
term_gem_glass64_J-28_4_H0.0.dat;0.325365164;1.352799195;1947.044389;0.0001;48544;19
term_gem_glass64_J16_9_H0.0.dat;0.325090039;1.46488768;2721.404219;0.0001;71288;19
term_gem_glass64_J26_1_H0.0.dat;0.322618595;1.539611674;3847.548276;0.0001;194796;19
term_gem_glass64_J48_1_H0.0.dat;0.307675434;1.200540598;4108.34253;0.0001;20988;20
